Name,Latitude,Longitude,geometry,index_right,featurecla,scalerank,LABELRANK,SOVEREIGNT,SOV_A3,ADM0_DIF,LEVEL,TYPE,TLC,ADMIN,ADM0_A3,GEOU_DIF,GEOUNIT,GU_A3,SU_DIF,SUBUNIT,SU_A3,BRK_DIFF,NAME,NAME_LONG,BRK_A3,BRK_NAME,BRK_GROUP,ABBREV,POSTAL,FORMAL_EN,FORMAL_FR,NAME_CIAWF,NOTE_ADM0,NOTE_BRK,NAME_SORT,NAME_ALT,MAPCOLOR7,MAPCOLOR8,MAPCOLOR9,MAPCOLOR13,POP_EST,POP_RANK,POP_YEAR,GDP_MD,GDP_YEAR,ECONOMY,INCOME_GRP,FIPS_10,ISO_A2,ISO_A2_EH,ISO_A3,ISO_A3_EH,ISO_N3,ISO_N3_EH,UN_A3,WB_A2,WB_A3,WOE_ID,WOE_ID_EH,WOE_NOTE,ADM0_ISO,ADM0_DIFF,ADM0_TLC,ADM0_A3_US,ADM0_A3_FR,ADM0_A3_RU,ADM0_A3_ES,ADM0_A3_CN,ADM0_A3_TW,ADM0_A3_IN,ADM0_A3_NP,ADM0_A3_PK,ADM0_A3_DE,ADM0_A3_GB,ADM0_A3_BR,ADM0_A3_IL,ADM0_A3_PS,ADM0_A3_SA,ADM0_A3_EG,ADM0_A3_MA,ADM0_A3_PT,ADM0_A3_AR,ADM0_A3_JP,ADM0_A3_KO,ADM0_A3_VN,ADM0_A3_TR,ADM0_A3_ID,ADM0_A3_PL,ADM0_A3_GR,ADM0_A3_IT,ADM0_A3_NL,ADM0_A3_SE,ADM0_A3_BD,ADM0_A3_UA,ADM0_A3_UN,ADM0_A3_WB,CONTINENT,REGION_UN,SUBREGION,REGION_WB,NAME_LEN,LONG_LEN,ABBREV_LEN,TINY,HOMEPART,MIN_ZOOM,MIN_LABEL,MAX_LABEL,LABEL_X,LABEL_Y,NE_ID,WIKIDATAID,NAME_AR,NAME_BN,NAME_DE,NAME_EN,NAME_ES,NAME_FA,NAME_FR,NAME_EL,NAME_HE,NAME_HI,NAME_HU,NAME_ID,NAME_IT,NAME_JA,NAME_KO,NAME_NL,NAME_PL,NAME_PT,NAME_RU,NAME_SV,NAME_TR,NAME_UK,NAME_UR,NAME_VI,NAME_ZH,NAME_ZHT,FCLASS_ISO,TLC_DIFF,FCLASS_TLC,FCLASS_US,FCLASS_FR,FCLASS_RU,FCLASS_ES,FCLASS_CN,FCLASS_TW,FCLASS_IN,FCLASS_NP,FCLASS_PK,FCLASS_DE,FCLASS_GB,FCLASS_BR,FCLASS_IL,FCLASS_PS,FCLASS_SA,FCLASS_EG,FCLASS_MA,FCLASS_PT,FCLASS_AR,FCLASS_JP,FCLASS_KO,FCLASS_VN,FCLASS_TR,FCLASS_ID,FCLASS_PL,FCLASS_GR,FCLASS_IT,FCLASS_NL,FCLASS_SE,FCLASS_BD,FCLASS_UA
University of Cambridge,52.1890916,0.1212977,POINT (0.1212977 52.1890916),143,Admin-0 country,1,2,United Kingdom,GB1,1,2,Country,1,United Kingdom,GBR,0,United Kingdom,GBR,0,United Kingdom,GBR,0,United Kingdom,United Kingdom,GBR,United Kingdom,,U.K.,GB,United Kingdom of Great Britain and Northern Ireland,,United Kingdom,,,United Kingdom,,6,6,6,3,66834405.0,16,2019,2829108,2019,1. Developed region: G7,1. High income: OECD,UK,GB,GB,GBR,GBR,826,826,826,GB,GBR,-90,23424975,"Eh ID includes Channel Islands and Isle of Man. UK constituent countries of England (24554868), Wales (12578049), Scotland (12578048), and Northern Ireland (20070563).",GBR,,GBR,GBR,GBR,GBR,GBR,GBR,GBR,GBR,GBR,GBR,GBR,GBR,GBR,GBR,GBR,GBR,GBR,GBR,GBR,GBR,GBR,GBR,GBR,GBR,GBR,GBR,GBR,GBR,GBR,GBR,GBR,GBR,-99,-99,Europe,Europe,Northern Europe,Europe & Central Asia,14,14,4,-99,1,0.0,1.7,6.7,-2.116346,54.402739,1159320713,Q145,المملكة المتحدة,যুক্তরাজ্য,Vereinigtes Königreich,United Kingdom,Reino Unido,بریتانیا,Royaume-Uni,Ηνωμένο Βασίλειο,הממלכה המאוחדת,यूनाइटेड किंगडम,Egyesült Királyság,Britania Raya,Regno Unito,イギリス,영국,Verenigd Koninkrijk,Wielka Brytania,Reino Unido,Великобритания,Storbritannien,Birleşik Krallık,Велика Британія,مملکت متحدہ,Vương quốc Liên hiệp Anh và Bắc Ireland,英国,英國,Admin-0 country,,Admin-0 country,,,,,,,,,,,,,,,,,,,,,,,,,,,,,,,
Imperial College London,51.4989595,-0.1756407,POINT (-0.1756407 51.4989595),143,Admin-0 country,1,2,United Kingdom,GB1,1,2,Country,1,United Kingdom,GBR,0,United Kingdom,GBR,0,United Kingdom,GBR,0,United Kingdom,United Kingdom,GBR,United Kingdom,,U.K.,GB,United Kingdom of Great Britain and Northern Ireland,,United Kingdom,,,United Kingdom,,6,6,6,3,66834405.0,16,2019,2829108,2019,1. Developed region: G7,1. High income: OECD,UK,GB,GB,GBR,GBR,826,826,826,GB,GBR,-90,23424975,"Eh ID includes Channel Islands and Isle of Man. UK constituent countries of England (24554868), Wales (12578049), Scotland (12578048), and Northern Ireland (20070563).",GBR,,GBR,GBR,GBR,GBR,GBR,GBR,GBR,GBR,GBR,GBR,GBR,GBR,GBR,GBR,GBR,GBR,GBR,GBR,GBR,GBR,GBR,GBR,GBR,GBR,GBR,GBR,GBR,GBR,GBR,GBR,GBR,GBR,-99,-99,Europe,Europe,Northern Europe,Europe & Central Asia,14,14,4,-99,1,0.0,1.7,6.7,-2.116346,54.402739,1159320713,Q145,المملكة المتحدة,যুক্তরাজ্য,Vereinigtes Königreich,United Kingdom,Reino Unido,بریتانیا,Royaume-Uni,Ηνωμένο Βασίλειο,הממלכה המאוחדת,यूनाइटेड किंगडम,Egyesült Királyság,Britania Raya,Regno Unito,イギリス,영국,Verenigd Koninkrijk,Wielka Brytania,Reino Unido,Великобритания,Storbritannien,Birleşik Krallık,Велика Британія,مملکت متحدہ,Vương quốc Liên hiệp Anh và Bắc Ireland,英国,英國,Admin-0 country,,Admin-0 country,,,,,,,,,,,,,,,,,,,,,,,,,,,,,,,
ETH Zurich,47.413218,8.5374914,POINT (8.5374914 47.413218),127,Admin-0 country,1,4,Switzerland,CHE,0,2,Sovereign country,1,Switzerland,CHE,0,Switzerland,CHE,0,Switzerland,CHE,0,Switzerland,Switzerland,CHE,Switzerland,,Switz.,CH,Swiss Confederation,,Switzerland,,,Switzerland,,5,2,7,3,8574832.0,13,2019,703082,2019,2. Developed region: nonG7,1. High income: OECD,SZ,CH,CH,CHE,CHE,756,756,756,CH,CHE,23424957,23424957,Exact WOE match as country,CHE,,CHE,CHE,CHE,CHE,CHE,CHE,CHE,CHE,CHE,CHE,CHE,CHE,CHE,CHE,CHE,CHE,CHE,CHE,CHE,CHE,CHE,CHE,CHE,CHE,CHE,CHE,CHE,CHE,CHE,CHE,CHE,CHE,-99,-99,Europe,Europe,Western Europe,Europe & Central Asia,11,11,6,-99,1,0.0,4.0,9.0,7.463965,46.719114,1159320491,Q39,سويسرا,সুইজারল্যান্ড,Schweiz,Switzerland,Suiza,سوئیس,Suisse,Ελβετία,שווייץ,स्विट्ज़रलैण्ड,Svájc,Swiss,Svizzera,スイス,스위스,Zwitserland,Szwajcaria,Suíça,Швейцария,Schweiz,İsviçre,Швейцарія,سویٹزرلینڈ,Thụy Sĩ,瑞士,瑞士,Admin-0 country,,Admin-0 country,,,,,,,,,,,,,,,,,,,,,,,,,,,,,,,
UCL,51.524203,-0.1330007,POINT (-0.1330007 51.524203),143,Admin-0 country,1,2,United Kingdom,GB1,1,2,Country,1,United Kingdom,GBR,0,United Kingdom,GBR,0,United Kingdom,GBR,0,United Kingdom,United Kingdom,GBR,United Kingdom,,U.K.,GB,United Kingdom of Great Britain and Northern Ireland,,United Kingdom,,,United Kingdom,,6,6,6,3,66834405.0,16,2019,2829108,2019,1. Developed region: G7,1. High income: OECD,UK,GB,GB,GBR,GBR,826,826,826,GB,GBR,-90,23424975,"Eh ID includes Channel Islands and Isle of Man. UK constituent countries of England (24554868), Wales (12578049), Scotland (12578048), and Northern Ireland (20070563).",GBR,,GBR,GBR,GBR,GBR,GBR,GBR,GBR,GBR,GBR,GBR,GBR,GBR,GBR,GBR,GBR,GBR,GBR,GBR,GBR,GBR,GBR,GBR,GBR,GBR,GBR,GBR,GBR,GBR,GBR,GBR,GBR,GBR,-99,-99,Europe,Europe,Northern Europe,Europe & Central Asia,14,14,4,-99,1,0.0,1.7,6.7,-2.116346,54.402739,1159320713,Q145,المملكة المتحدة,যুক্তরাজ্য,Vereinigtes Königreich,United Kingdom,Reino Unido,بریتانیا,Royaume-Uni,Ηνωμένο Βασίλειο,הממלכה המאוחדת,यूनाइटेड किंगडम,Egyesült Királyság,Britania Raya,Regno Unito,イギリス,영국,Verenigd Koninkrijk,Wielka Brytania,Reino Unido,Великобритания,Storbritannien,Birleşik Krallık,Велика Британія,مملکت متحدہ,Vương quốc Liên hiệp Anh và Bắc Ireland,英国,英國,Admin-0 country,,Admin-0 country,,,,,,,,,,,,,,,,,,,,,,,,,,,,,,,
London School of Economics and Political Science,51.5146049,-0.1164525,POINT (-0.1164525 51.5146049),143,Admin-0 country,1,2,United Kingdom,GB1,1,2,Country,1,United Kingdom,GBR,0,United Kingdom,GBR,0,United Kingdom,GBR,0,United Kingdom,United Kingdom,GBR,United Kingdom,,U.K.,GB,United Kingdom of Great Britain and Northern Ireland,,United Kingdom,,,United Kingdom,,6,6,6,3,66834405.0,16,2019,2829108,2019,1. Developed region: G7,1. High income: OECD,UK,GB,GB,GBR,GBR,826,826,826,GB,GBR,-90,23424975,"Eh ID includes Channel Islands and Isle of Man. UK constituent countries of England (24554868), Wales (12578049), Scotland (12578048), and Northern Ireland (20070563).",GBR,,GBR,GBR,GBR,GBR,GBR,GBR,GBR,GBR,GBR,GBR,GBR,GBR,GBR,GBR,GBR,GBR,GBR,GBR,GBR,GBR,GBR,GBR,GBR,GBR,GBR,GBR,GBR,GBR,GBR,GBR,GBR,GBR,-99,-99,Europe,Europe,Northern Europe,Europe & Central Asia,14,14,4,-99,1,0.0,1.7,6.7,-2.116346,54.402739,1159320713,Q145,المملكة المتحدة,যুক্তরাজ্য,Vereinigtes Königreich,United Kingdom,Reino Unido,بریتانیا,Royaume-Uni,Ηνωμένο Βασίλειο,הממלכה המאוחדת,यूनाइटेड किंगडम,Egyesült Királyság,Britania Raya,Regno Unito,イギリス,영국,Verenigd Koninkrijk,Wielka Brytania,Reino Unido,Великобритания,Storbritannien,Birleşik Krallık,Велика Британія,مملکت متحدہ,Vương quốc Liên hiệp Anh và Bắc Ireland,英国,英國,Admin-0 country,,Admin-0 country,,,,,,,,,,,,,,,,,,,,,,,,,,,,,,,
University of Edinburgh,55.9440764,-3.1883736,POINT (-3.1883736 55.9440764),143,Admin-0 country,1,2,United Kingdom,GB1,1,2,Country,1,United Kingdom,GBR,0,United Kingdom,GBR,0,United Kingdom,GBR,0,United Kingdom,United Kingdom,GBR,United Kingdom,,U.K.,GB,United Kingdom of Great Britain and Northern Ireland,,United Kingdom,,,United Kingdom,,6,6,6,3,66834405.0,16,2019,2829108,2019,1. Developed region: G7,1. High income: OECD,UK,GB,GB,GBR,GBR,826,826,826,GB,GBR,-90,23424975,"Eh ID includes Channel Islands and Isle of Man. UK constituent countries of England (24554868), Wales (12578049), Scotland (12578048), and Northern Ireland (20070563).",GBR,,GBR,GBR,GBR,GBR,GBR,GBR,GBR,GBR,GBR,GBR,GBR,GBR,GBR,GBR,GBR,GBR,GBR,GBR,GBR,GBR,GBR,GBR,GBR,GBR,GBR,GBR,GBR,GBR,GBR,GBR,GBR,GBR,-99,-99,Europe,Europe,Northern Europe,Europe & Central Asia,14,14,4,-99,1,0.0,1.7,6.7,-2.116346,54.402739,1159320713,Q145,المملكة المتحدة,যুক্তরাজ্য,Vereinigtes Königreich,United Kingdom,Reino Unido,بریتانیا,Royaume-Uni,Ηνωμένο Βασίλειο,הממלכה המאוחדת,यूनाइटेड किंगडम,Egyesült Királyság,Britania Raya,Regno Unito,イギリス,영국,Verenigd Koninkrijk,Wielka Brytania,Reino Unido,Великобритания,Storbritannien,Birleşik Krallık,Велика Британія,مملکت متحدہ,Vương quốc Liên hiệp Anh và Bắc Ireland,英国,英國,Admin-0 country,,Admin-0 country,,,,,,,,,,,,,,,,,,,,,,,,,,,,,,,
LMU Munich,48.149703,11.5805338,POINT (11.5805338 48.149703),121,Admin-0 country,1,2,Germany,DEU,0,2,Sovereign country,1,Germany,DEU,0,Germany,DEU,0,Germany,DEU,0,Germany,Germany,DEU,Germany,,Ger.,D,Federal Republic of Germany,,Germany,,,Germany,,2,5,5,1,83132799.0,16,2019,3861123,2019,1. Developed region: G7,1. High income: OECD,GM,DE,DE,DEU,DEU,276,276,276,DE,DEU,23424829,23424829,Exact WOE match as country,DEU,,DEU,DEU,DEU,DEU,DEU,DEU,DEU,DEU,DEU,DEU,DEU,DEU,DEU,DEU,DEU,DEU,DEU,DEU,DEU,DEU,DEU,DEU,DEU,DEU,DEU,DEU,DEU,DEU,DEU,DEU,DEU,DEU,-99,-99,Europe,Europe,Western Europe,Europe & Central Asia,7,7,4,-99,1,0.0,1.7,6.7,9.678348,50.961733,1159320539,Q183,ألمانيا,জার্মানি,Deutschland,Germany,Alemania,آلمان,Allemagne,Γερμανία,גרמניה,जर्मनी,Németország,Jerman,Germania,ドイツ,독일,Duitsland,Niemcy,Alemanha,Германия,Tyskland,Almanya,Німеччина,جرمنی,Đức,德国,德國,Admin-0 country,,Admin-0 country,,,,,,,,,,,,,,,,,,,,,,,,,,,,,,,
Karolinska Institute,59.2195495,17.9400549,POINT (17.9400549 59.2195495),110,Admin-0 country,1,3,Sweden,SWE,0,2,Sovereign country,1,Sweden,SWE,0,Sweden,SWE,0,Sweden,SWE,0,Sweden,Sweden,SWE,Sweden,,Swe.,S,Kingdom of Sweden,,Sweden,,,Sweden,,1,4,2,4,10285453.0,14,2019,530883,2019,2. Developed region: nonG7,1. High income: OECD,SW,SE,SE,SWE,SWE,752,752,752,SE,SWE,23424954,23424954,Exact WOE match as country,SWE,,SWE,SWE,SWE,SWE,SWE,SWE,SWE,SWE,SWE,SWE,SWE,SWE,SWE,SWE,SWE,SWE,SWE,SWE,SWE,SWE,SWE,SWE,SWE,SWE,SWE,SWE,SWE,SWE,SWE,SWE,SWE,SWE,-99,-99,Europe,Europe,Northern Europe,Europe & Central Asia,6,6,4,-99,1,0.0,2.0,7.0,19.01705,65.85918,1159321287,Q34,السويد,সুইডেন,Schweden,Sweden,Suecia,سوئد,Suède,Σουηδία,שוודיה,स्वीडन,Svédország,Swedia,Svezia,スウェーデン,스웨덴,Zweden,Szwecja,Suécia,Швеция,Sverige,İsveç,Швеція,سویڈن,Thụy Điển,瑞典,瑞典,Admin-0 country,,Admin-0 country,,,,,,,,,,,,,,,,,,,,,,,,,,,,,,,
Technical University of Munich,48.2654975,11.6692249,POINT (11.6692249 48.2654975),121,Admin-0 country,1,2,Germany,DEU,0,2,Sovereign country,1,Germany,DEU,0,Germany,DEU,0,Germany,DEU,0,Germany,Germany,DEU,Germany,,Ger.,D,Federal Republic of Germany,,Germany,,,Germany,,2,5,5,1,83132799.0,16,2019,3861123,2019,1. Developed region: G7,1. High income: OECD,GM,DE,DE,DEU,DEU,276,276,276,DE,DEU,23424829,23424829,Exact WOE match as country,DEU,,DEU,DEU,DEU,DEU,DEU,DEU,DEU,DEU,DEU,DEU,DEU,DEU,DEU,DEU,DEU,DEU,DEU,DEU,DEU,DEU,DEU,DEU,DEU,DEU,DEU,DEU,DEU,DEU,DEU,DEU,DEU,DEU,-99,-99,Europe,Europe,Western Europe,Europe & Central Asia,7,7,4,-99,1,0.0,1.7,6.7,9.678348,50.961733,1159320539,Q183,ألمانيا,জার্মানি,Deutschland,Germany,Alemania,آلمان,Allemagne,Γερμανία,גרמניה,जर्मनी,Németország,Jerman,Germania,ドイツ,독일,Duitsland,Niemcy,Alemanha,Германия,Tyskland,Almanya,Німеччина,جرمنی,Đức,德国,德國,Admin-0 country,,Admin-0 country,,,,,,,,,,,,,,,,,,,,,,,,,,,,,,,
Heidelberg University,49.4186002,8.6692402,POINT (8.6692402 49.4186002),121,Admin-0 country,1,2,Germany,DEU,0,2,Sovereign country,1,Germany,DEU,0,Germany,DEU,0,Germany,DEU,0,Germany,Germany,DEU,Germany,,Ger.,D,Federal Republic of Germany,,Germany,,,Germany,,2,5,5,1,83132799.0,16,2019,3861123,2019,1. Developed region: G7,1. High income: OECD,GM,DE,DE,DEU,DEU,276,276,276,DE,DEU,23424829,23424829,Exact WOE match as country,DEU,,DEU,DEU,DEU,DEU,DEU,DEU,DEU,DEU,DEU,DEU,DEU,DEU,DEU,DEU,DEU,DEU,DEU,DEU,DEU,DEU,DEU,DEU,DEU,DEU,DEU,DEU,DEU,DEU,DEU,DEU,DEU,DEU,-99,-99,Europe,Europe,Western Europe,Europe & Central Asia,7,7,4,-99,1,0.0,1.7,6.7,9.678348,50.961733,1159320539,Q183,ألمانيا,জার্মানি,Deutschland,Germany,Alemania,آلمان,Allemagne,Γερμανία,גרמניה,जर्मनी,Németország,Jerman,Germania,ドイツ,독일,Duitsland,Niemcy,Alemanha,Германия,Tyskland,Almanya,Німеччина,جرمنی,Đức,德国,德國,Admin-0 country,,Admin-0 country,,,,,,,,,,,,,,,,,,,,,,,,,,,,,,,
KU Leuven,50.8057128,3.2915374,POINT (3.2915374 50.8057128),129,Admin-0 country,1,2,Belgium,BEL,0,2,Sovereign country,1,Belgium,BEL,0,Belgium,BEL,0,Belgium,BEL,0,Belgium,Belgium,BEL,Belgium,,Belg.,B,Kingdom of Belgium,,Belgium,,,Belgium,,3,2,1,8,11484055.0,14,2019,533097,2019,2. Developed region: nonG7,1. High income: OECD,BE,BE,BE,BEL,BEL,056,056,056,BE,BEL,23424757,23424757,Exact WOE match as country,BEL,,BEL,BEL,BEL,BEL,BEL,BEL,BEL,BEL,BEL,BEL,BEL,BEL,BEL,BEL,BEL,BEL,BEL,BEL,BEL,BEL,BEL,BEL,BEL,BEL,BEL,BEL,BEL,BEL,BEL,BEL,BEL,BEL,-99,-99,Europe,Europe,Western Europe,Europe & Central Asia,7,7,5,-99,1,0.0,4.0,9.0,4.800448,50.785392,1159320389,Q31,بلجيكا,বেলজিয়াম,Belgien,Belgium,Bélgica,بلژیک,Belgique,Βέλγιο,בלגיה,बेल्जियम,Belgium,Belgia,Belgio,ベルギー,벨기에,België,Belgia,Bélgica,Бельгия,Belgien,Belçika,Бельгія,بلجئیم,Bỉ,比利时,比利時,Admin-0 country,,Admin-0 country,,,,,,,,,,,,,,,,,,,,,,,,,,,,,,,
University of Manchester,53.4660226,-2.2330858,POINT (-2.2330858 53.4660226),143,Admin-0 country,1,2,United Kingdom,GB1,1,2,Country,1,United Kingdom,GBR,0,United Kingdom,GBR,0,United Kingdom,GBR,0,United Kingdom,United Kingdom,GBR,United Kingdom,,U.K.,GB,United Kingdom of Great Britain and Northern Ireland,,United Kingdom,,,United Kingdom,,6,6,6,3,66834405.0,16,2019,2829108,2019,1. Developed region: G7,1. High income: OECD,UK,GB,GB,GBR,GBR,826,826,826,GB,GBR,-90,23424975,"Eh ID includes Channel Islands and Isle of Man. UK constituent countries of England (24554868), Wales (12578049), Scotland (12578048), and Northern Ireland (20070563).",GBR,,GBR,GBR,GBR,GBR,GBR,GBR,GBR,GBR,GBR,GBR,GBR,GBR,GBR,GBR,GBR,GBR,GBR,GBR,GBR,GBR,GBR,GBR,GBR,GBR,GBR,GBR,GBR,GBR,GBR,GBR,GBR,GBR,-99,-99,Europe,Europe,Northern Europe,Europe & Central Asia,14,14,4,-99,1,0.0,1.7,6.7,-2.116346,54.402739,1159320713,Q145,المملكة المتحدة,যুক্তরাজ্য,Vereinigtes Königreich,United Kingdom,Reino Unido,بریتانیا,Royaume-Uni,Ηνωμένο Βασίλειο,הממלכה המאוחדת,यूनाइटेड किंगडम,Egyesült Királyság,Britania Raya,Regno Unito,イギリス,영국,Verenigd Koninkrijk,Wielka Brytania,Reino Unido,Великобритания,Storbritannien,Birleşik Krallık,Велика Британія,مملکت متحدہ,Vương quốc Liên hiệp Anh và Bắc Ireland,英国,英國,Admin-0 country,,Admin-0 country,,,,,,,,,,,,,,,,,,,,,,,,,,,,,,,
Delft University of Technology,51.9988273,4.3739604,POINT (4.3739604 51.9988273),130,Admin-0 country,1,5,Netherlands,NL1,1,2,Country,1,Netherlands,NLD,0,Netherlands,NLD,0,Netherlands,NLD,0,Netherlands,Netherlands,NLD,Netherlands,,Neth.,NL,Kingdom of the Netherlands,,Netherlands,,,Netherlands,,4,2,2,9,17332850.0,14,2019,907050,2019,2. Developed region: nonG7,1. High income: OECD,NL,NL,NL,NLD,NLD,528,528,528,NL,NLD,-90,23424909,"Doesn't include new former units of Netherlands Antilles (24549811, 24549808, and 24549809)",NLD,,NLD,NLD,NLD,NLD,NLD,NLD,NLD,NLD,NLD,NLD,NLD,NLD,NLD,NLD,NLD,NLD,NLD,NLD,NLD,NLD,NLD,NLD,NLD,NLD,NLD,NLD,NLD,NLD,NLD,NLD,NLD,NLD,-99,-99,Europe,Europe,Western Europe,Europe & Central Asia,11,11,5,-99,1,0.0,4.0,10.0,5.61144,52.422211,1159321101,Q55,هولندا,নেদারল্যান্ডস,Niederlande,Netherlands,Países Bajos,هلند,Pays-Bas,Ολλανδία,הולנד,नीदरलैण्ड,Hollandia,Belanda,Paesi Bassi,オランダ,네덜란드,Nederland,Holandia,Países Baixos,Нидерланды,Nederländerna,Hollanda,Нідерланди,نیدرلینڈز,Hà Lan,荷兰,荷蘭,Admin-0 country,,Admin-0 country,,,,,,,,,,,,,,,,,,,,,,,,,,,,,,,
Wageningen University & Research,51.985445,5.663212,POINT (5.663212 51.985445),130,Admin-0 country,1,5,Netherlands,NL1,1,2,Country,1,Netherlands,NLD,0,Netherlands,NLD,0,Netherlands,NLD,0,Netherlands,Netherlands,NLD,Netherlands,,Neth.,NL,Kingdom of the Netherlands,,Netherlands,,,Netherlands,,4,2,2,9,17332850.0,14,2019,907050,2019,2. Developed region: nonG7,1. High income: OECD,NL,NL,NL,NLD,NLD,528,528,528,NL,NLD,-90,23424909,"Doesn't include new former units of Netherlands Antilles (24549811, 24549808, and 24549809)",NLD,,NLD,NLD,NLD,NLD,NLD,NLD,NLD,NLD,NLD,NLD,NLD,NLD,NLD,NLD,NLD,NLD,NLD,NLD,NLD,NLD,NLD,NLD,NLD,NLD,NLD,NLD,NLD,NLD,NLD,NLD,NLD,NLD,-99,-99,Europe,Europe,Western Europe,Europe & Central Asia,11,11,5,-99,1,0.0,4.0,10.0,5.61144,52.422211,1159321101,Q55,هولندا,নেদারল্যান্ডস,Niederlande,Netherlands,Países Bajos,هلند,Pays-Bas,Ολλανδία,הולנד,नीदरलैण्ड,Hollandia,Belanda,Paesi Bassi,オランダ,네덜란드,Nederland,Holandia,Países Baixos,Нидерланды,Nederländerna,Hollanda,Нідерланди,نیدرلینڈز,Hà Lan,荷兰,荷蘭,Admin-0 country,,Admin-0 country,,,,,,,,,,,,,,,,,,,,,,,,,,,,,,,
University of Amsterdam,52.3681334,4.8898042,POINT (4.8898042 52.3681334),130,Admin-0 country,1,5,Netherlands,NL1,1,2,Country,1,Netherlands,NLD,0,Netherlands,NLD,0,Netherlands,NLD,0,Netherlands,Netherlands,NLD,Netherlands,,Neth.,NL,Kingdom of the Netherlands,,Netherlands,,,Netherlands,,4,2,2,9,17332850.0,14,2019,907050,2019,2. Developed region: nonG7,1. High income: OECD,NL,NL,NL,NLD,NLD,528,528,528,NL,NLD,-90,23424909,"Doesn't include new former units of Netherlands Antilles (24549811, 24549808, and 24549809)",NLD,,NLD,NLD,NLD,NLD,NLD,NLD,NLD,NLD,NLD,NLD,NLD,NLD,NLD,NLD,NLD,NLD,NLD,NLD,NLD,NLD,NLD,NLD,NLD,NLD,NLD,NLD,NLD,NLD,NLD,NLD,NLD,NLD,-99,-99,Europe,Europe,Western Europe,Europe & Central Asia,11,11,5,-99,1,0.0,4.0,10.0,5.61144,52.422211,1159321101,Q55,هولندا,নেদারল্যান্ডস,Niederlande,Netherlands,Países Bajos,هلند,Pays-Bas,Ολλανδία,הולנד,नीदरलैण्ड,Hollandia,Belanda,Paesi Bassi,オランダ,네덜란드,Nederland,Holandia,Países Baixos,Нидерланды,Nederländerna,Hollanda,Нідерланди,نیدرلینڈز,Hà Lan,荷兰,荷蘭,Admin-0 country,,Admin-0 country,,,,,,,,,,,,,,,,,,,,,,,,,,,,,,,
Humboldt University of Berlin,52.5183402,13.3929202,POINT (13.3929202 52.5183402),121,Admin-0 country,1,2,Germany,DEU,0,2,Sovereign country,1,Germany,DEU,0,Germany,DEU,0,Germany,DEU,0,Germany,Germany,DEU,Germany,,Ger.,D,Federal Republic of Germany,,Germany,,,Germany,,2,5,5,1,83132799.0,16,2019,3861123,2019,1. Developed region: G7,1. High income: OECD,GM,DE,DE,DEU,DEU,276,276,276,DE,DEU,23424829,23424829,Exact WOE match as country,DEU,,DEU,DEU,DEU,DEU,DEU,DEU,DEU,DEU,DEU,DEU,DEU,DEU,DEU,DEU,DEU,DEU,DEU,DEU,DEU,DEU,DEU,DEU,DEU,DEU,DEU,DEU,DEU,DEU,DEU,DEU,DEU,DEU,-99,-99,Europe,Europe,Western Europe,Europe & Central Asia,7,7,4,-99,1,0.0,1.7,6.7,9.678348,50.961733,1159320539,Q183,ألمانيا,জার্মানি,Deutschland,Germany,Alemania,آلمان,Allemagne,Γερμανία,גרמניה,जर्मनी,Németország,Jerman,Germania,ドイツ,독일,Duitsland,Niemcy,Alemanha,Германия,Tyskland,Almanya,Німеччина,جرمنی,Đức,德国,德國,Admin-0 country,,Admin-0 country,,,,,,,,,,,,,,,,,,,,,,,,,,,,,,,
Leiden University,52.1686355,4.4597028,POINT (4.4597028 52.1686355),130,Admin-0 country,1,5,Netherlands,NL1,1,2,Country,1,Netherlands,NLD,0,Netherlands,NLD,0,Netherlands,NLD,0,Netherlands,Netherlands,NLD,Netherlands,,Neth.,NL,Kingdom of the Netherlands,,Netherlands,,,Netherlands,,4,2,2,9,17332850.0,14,2019,907050,2019,2. Developed region: nonG7,1. High income: OECD,NL,NL,NL,NLD,NLD,528,528,528,NL,NLD,-90,23424909,"Doesn't include new former units of Netherlands Antilles (24549811, 24549808, and 24549809)",NLD,,NLD,NLD,NLD,NLD,NLD,NLD,NLD,NLD,NLD,NLD,NLD,NLD,NLD,NLD,NLD,NLD,NLD,NLD,NLD,NLD,NLD,NLD,NLD,NLD,NLD,NLD,NLD,NLD,NLD,NLD,NLD,NLD,-99,-99,Europe,Europe,Western Europe,Europe & Central Asia,11,11,5,-99,1,0.0,4.0,10.0,5.61144,52.422211,1159321101,Q55,هولندا,নেদারল্যান্ডস,Niederlande,Netherlands,Países Bajos,هلند,Pays-Bas,Ολλανδία,הולנד,नीदरलैण्ड,Hollandia,Belanda,Paesi Bassi,オランダ,네덜란드,Nederland,Holandia,Países Baixos,Нидерланды,Nederländerna,Hollanda,Нідерланди,نیدرلینڈز,Hà Lan,荷兰,荷蘭,Admin-0 country,,Admin-0 country,,,,,,,,,,,,,,,,,,,,,,,,,,,,,,,
Erasmus University Rotterdam,51.9176312,4.5259623,POINT (4.5259623 51.9176312),130,Admin-0 country,1,5,Netherlands,NL1,1,2,Country,1,Netherlands,NLD,0,Netherlands,NLD,0,Netherlands,NLD,0,Netherlands,Netherlands,NLD,Netherlands,,Neth.,NL,Kingdom of the Netherlands,,Netherlands,,,Netherlands,,4,2,2,9,17332850.0,14,2019,907050,2019,2. Developed region: nonG7,1. High income: OECD,NL,NL,NL,NLD,NLD,528,528,528,NL,NLD,-90,23424909,"Doesn't include new former units of Netherlands Antilles (24549811, 24549808, and 24549809)",NLD,,NLD,NLD,NLD,NLD,NLD,NLD,NLD,NLD,NLD,NLD,NLD,NLD,NLD,NLD,NLD,NLD,NLD,NLD,NLD,NLD,NLD,NLD,NLD,NLD,NLD,NLD,NLD,NLD,NLD,NLD,NLD,NLD,-99,-99,Europe,Europe,Western Europe,Europe & Central Asia,11,11,5,-99,1,0.0,4.0,10.0,5.61144,52.422211,1159321101,Q55,هولندا,নেদারল্যান্ডস,Niederlande,Netherlands,Países Bajos,هلند,Pays-Bas,Ολλανδία,הולנד,नीदरलैण्ड,Hollandia,Belanda,Paesi Bassi,オランダ,네덜란드,Nederland,Holandia,Países Baixos,Нидерланды,Nederländerna,Hollanda,Нідерланди,نیدرلینڈز,Hà Lan,荷兰,荷蘭,Admin-0 country,,Admin-0 country,,,,,,,,,,,,,,,,,,,,,,,,,,,,,,,
Sorbonne University,48.8468997,2.3574487,POINT (2.3574487 48.8468997),43,Admin-0 country,1,2,France,FR1,1,2,Country,1,France,FRA,0,France,FRA,0,France,FRA,0,France,France,FRA,France,,Fr.,F,French Republic,,France,,,France,,7,5,9,11,67059887.0,16,2019,2715518,2019,1. Developed region: G7,1. High income: OECD,FR,-99,FR,-99,FRA,-99,250,250,FR,FRA,-90,23424819,Includes only Metropolitan France (including Corsica),FRA,,FRA,FRA,FRA,FRA,FRA,FRA,FRA,FRA,FRA,FRA,FRA,FRA,FRA,FRA,FRA,FRA,FRA,FRA,FRA,FRA,FRA,FRA,FRA,FRA,FRA,FRA,FRA,FRA,FRA,FRA,FRA,FRA,-99,-99,Europe,Europe,Western Europe,Europe & Central Asia,6,6,3,-99,1,0.0,1.7,6.7,2.552275,46.696113,1159320637,Q142,فرنسا,ফ্রান্স,Frankreich,France,Francia,فرانسه,France,Γαλλία,צרפת,फ़्रान्स,Franciaország,Prancis,Francia,フランス,프랑스,Frankrijk,Francja,França,Франция,Frankrike,Fransa,Франція,فرانس,Pháp,法国,法國,Admin-0 country,,Admin-0 country,,,,,,,,,,,,,,,,,,,,,,,,,,,,,,,
Utrecht University,52.0832758,5.1478185,POINT (5.1478185 52.0832758),130,Admin-0 country,1,5,Netherlands,NL1,1,2,Country,1,Netherlands,NLD,0,Netherlands,NLD,0,Netherlands,NLD,0,Netherlands,Netherlands,NLD,Netherlands,,Neth.,NL,Kingdom of the Netherlands,,Netherlands,,,Netherlands,,4,2,2,9,17332850.0,14,2019,907050,2019,2. Developed region: nonG7,1. High income: OECD,NL,NL,NL,NLD,NLD,528,528,528,NL,NLD,-90,23424909,"Doesn't include new former units of Netherlands Antilles (24549811, 24549808, and 24549809)",NLD,,NLD,NLD,NLD,NLD,NLD,NLD,NLD,NLD,NLD,NLD,NLD,NLD,NLD,NLD,NLD,NLD,NLD,NLD,NLD,NLD,NLD,NLD,NLD,NLD,NLD,NLD,NLD,NLD,NLD,NLD,NLD,NLD,-99,-99,Europe,Europe,Western Europe,Europe & Central Asia,11,11,5,-99,1,0.0,4.0,10.0,5.61144,52.422211,1159321101,Q55,هولندا,নেদারল্যান্ডস,Niederlande,Netherlands,Países Bajos,هلند,Pays-Bas,Ολλανδία,הולנד,नीदरलैण्ड,Hollandia,Belanda,Paesi Bassi,オランダ,네덜란드,Nederland,Holandia,Países Baixos,Нидерланды,Nederländerna,Hollanda,Нідерланди,نیدرلینڈز,Hà Lan,荷兰,荷蘭,Admin-0 country,,Admin-0 country,,,,,,,,,,,,,,,,,,,,,,,,,,,,,,,
University of Freiburg,46.793058,7.157106,POINT (7.157106 46.793058),127,Admin-0 country,1,4,Switzerland,CHE,0,2,Sovereign country,1,Switzerland,CHE,0,Switzerland,CHE,0,Switzerland,CHE,0,Switzerland,Switzerland,CHE,Switzerland,,Switz.,CH,Swiss Confederation,,Switzerland,,,Switzerland,,5,2,7,3,8574832.0,13,2019,703082,2019,2. Developed region: nonG7,1. High income: OECD,SZ,CH,CH,CHE,CHE,756,756,756,CH,CHE,23424957,23424957,Exact WOE match as country,CHE,,CHE,CHE,CHE,CHE,CHE,CHE,CHE,CHE,CHE,CHE,CHE,CHE,CHE,CHE,CHE,CHE,CHE,CHE,CHE,CHE,CHE,CHE,CHE,CHE,CHE,CHE,CHE,CHE,CHE,CHE,CHE,CHE,-99,-99,Europe,Europe,Western Europe,Europe & Central Asia,11,11,6,-99,1,0.0,4.0,9.0,7.463965,46.719114,1159320491,Q39,سويسرا,সুইজারল্যান্ড,Schweiz,Switzerland,Suiza,سوئیس,Suisse,Ελβετία,שווייץ,स्विट्ज़रलैण्ड,Svájc,Swiss,Svizzera,スイス,스위스,Zwitserland,Szwajcaria,Suíça,Швейцария,Schweiz,İsviçre,Швейцарія,سویٹزرلینڈ,Thụy Sĩ,瑞士,瑞士,Admin-0 country,,Admin-0 country,,,,,,,,,,,,,,,,,,,,,,,,,,,,,,,
University of Bristol,51.4905582,-2.6304825,POINT (-2.6304825 51.4905582),143,Admin-0 country,1,2,United Kingdom,GB1,1,2,Country,1,United Kingdom,GBR,0,United Kingdom,GBR,0,United Kingdom,GBR,0,United Kingdom,United Kingdom,GBR,United Kingdom,,U.K.,GB,United Kingdom of Great Britain and Northern Ireland,,United Kingdom,,,United Kingdom,,6,6,6,3,66834405.0,16,2019,2829108,2019,1. Developed region: G7,1. High income: OECD,UK,GB,GB,GBR,GBR,826,826,826,GB,GBR,-90,23424975,"Eh ID includes Channel Islands and Isle of Man. UK constituent countries of England (24554868), Wales (12578049), Scotland (12578048), and Northern Ireland (20070563).",GBR,,GBR,GBR,GBR,GBR,GBR,GBR,GBR,GBR,GBR,GBR,GBR,GBR,GBR,GBR,GBR,GBR,GBR,GBR,GBR,GBR,GBR,GBR,GBR,GBR,GBR,GBR,GBR,GBR,GBR,GBR,GBR,GBR,-99,-99,Europe,Europe,Northern Europe,Europe & Central Asia,14,14,4,-99,1,0.0,1.7,6.7,-2.116346,54.402739,1159320713,Q145,المملكة المتحدة,যুক্তরাজ্য,Vereinigtes Königreich,United Kingdom,Reino Unido,بریتانیا,Royaume-Uni,Ηνωμένο Βασίλειο,הממלכה המאוחדת,यूनाइटेड किंगडम,Egyesült Királyság,Britania Raya,Regno Unito,イギリス,영국,Verenigd Koninkrijk,Wielka Brytania,Reino Unido,Великобритания,Storbritannien,Birleşik Krallık,Велика Британія,مملکت متحدہ,Vương quốc Liên hiệp Anh và Bắc Ireland,英国,英國,Admin-0 country,,Admin-0 country,,,,,,,,,,,,,,,,,,,,,,,,,,,,,,,
University of Groningen,53.2194415,6.5629863,POINT (6.5629863 53.2194415),130,Admin-0 country,1,5,Netherlands,NL1,1,2,Country,1,Netherlands,NLD,0,Netherlands,NLD,0,Netherlands,NLD,0,Netherlands,Netherlands,NLD,Netherlands,,Neth.,NL,Kingdom of the Netherlands,,Netherlands,,,Netherlands,,4,2,2,9,17332850.0,14,2019,907050,2019,2. Developed region: nonG7,1. High income: OECD,NL,NL,NL,NLD,NLD,528,528,528,NL,NLD,-90,23424909,"Doesn't include new former units of Netherlands Antilles (24549811, 24549808, and 24549809)",NLD,,NLD,NLD,NLD,NLD,NLD,NLD,NLD,NLD,NLD,NLD,NLD,NLD,NLD,NLD,NLD,NLD,NLD,NLD,NLD,NLD,NLD,NLD,NLD,NLD,NLD,NLD,NLD,NLD,NLD,NLD,NLD,NLD,-99,-99,Europe,Europe,Western Europe,Europe & Central Asia,11,11,5,-99,1,0.0,4.0,10.0,5.61144,52.422211,1159321101,Q55,هولندا,নেদারল্যান্ডস,Niederlande,Netherlands,Países Bajos,هلند,Pays-Bas,Ολλανδία,הולנד,नीदरलैण्ड,Hollandia,Belanda,Paesi Bassi,オランダ,네덜란드,Nederland,Holandia,Países Baixos,Нидерланды,Nederländerna,Hollanda,Нідерланди,نیدرلینڈز,Hà Lan,荷兰,荷蘭,Admin-0 country,,Admin-0 country,,,,,,,,,,,,,,,,,,,,,,,,,,,,,,,
University of Warwick,52.3813073,-1.5639569,POINT (-1.5639569 52.3813073),143,Admin-0 country,1,2,United Kingdom,GB1,1,2,Country,1,United Kingdom,GBR,0,United Kingdom,GBR,0,United Kingdom,GBR,0,United Kingdom,United Kingdom,GBR,United Kingdom,,U.K.,GB,United Kingdom of Great Britain and Northern Ireland,,United Kingdom,,,United Kingdom,,6,6,6,3,66834405.0,16,2019,2829108,2019,1. Developed region: G7,1. High income: OECD,UK,GB,GB,GBR,GBR,826,826,826,GB,GBR,-90,23424975,"Eh ID includes Channel Islands and Isle of Man. UK constituent countries of England (24554868), Wales (12578049), Scotland (12578048), and Northern Ireland (20070563).",GBR,,GBR,GBR,GBR,GBR,GBR,GBR,GBR,GBR,GBR,GBR,GBR,GBR,GBR,GBR,GBR,GBR,GBR,GBR,GBR,GBR,GBR,GBR,GBR,GBR,GBR,GBR,GBR,GBR,GBR,GBR,GBR,GBR,-99,-99,Europe,Europe,Northern Europe,Europe & Central Asia,14,14,4,-99,1,0.0,1.7,6.7,-2.116346,54.402739,1159320713,Q145,المملكة المتحدة,যুক্তরাজ্য,Vereinigtes Königreich,United Kingdom,Reino Unido,بریتانیا,Royaume-Uni,Ηνωμένο Βασίλειο,הממלכה המאוחדת,यूनाइटेड किंगडम,Egyesült Királyság,Britania Raya,Regno Unito,イギリス,영국,Verenigd Koninkrijk,Wielka Brytania,Reino Unido,Великобритания,Storbritannien,Birleşik Krallık,Велика Британія,مملکت متحدہ,Vương quốc Liên hiệp Anh và Bắc Ireland,英国,英國,Admin-0 country,,Admin-0 country,,,,,,,,,,,,,,,,,,,,,,,,,,,,,,,
RWTH Aachen University,50.7791657,6.0689209,POINT (6.0689209 50.7791657),129,Admin-0 country,1,2,Belgium,BEL,0,2,Sovereign country,1,Belgium,BEL,0,Belgium,BEL,0,Belgium,BEL,0,Belgium,Belgium,BEL,Belgium,,Belg.,B,Kingdom of Belgium,,Belgium,,,Belgium,,3,2,1,8,11484055.0,14,2019,533097,2019,2. Developed region: nonG7,1. High income: OECD,BE,BE,BE,BEL,BEL,056,056,056,BE,BEL,23424757,23424757,Exact WOE match as country,BEL,,BEL,BEL,BEL,BEL,BEL,BEL,BEL,BEL,BEL,BEL,BEL,BEL,BEL,BEL,BEL,BEL,BEL,BEL,BEL,BEL,BEL,BEL,BEL,BEL,BEL,BEL,BEL,BEL,BEL,BEL,BEL,BEL,-99,-99,Europe,Europe,Western Europe,Europe & Central Asia,7,7,5,-99,1,0.0,4.0,9.0,4.800448,50.785392,1159320389,Q31,بلجيكا,বেলজিয়াম,Belgien,Belgium,Bélgica,بلژیک,Belgique,Βέλγιο,בלגיה,बेल्जियम,Belgium,Belgia,Belgio,ベルギー,벨기에,België,Belgia,Bélgica,Бельгия,Belgien,Belçika,Бельгія,بلجئیم,Bỉ,比利时,比利時,Admin-0 country,,Admin-0 country,,,,,,,,,,,,,,,,,,,,,,,,,,,,,,,
Uppsala University,59.8576363,17.6294616,POINT (17.6294616 59.8576363),110,Admin-0 country,1,3,Sweden,SWE,0,2,Sovereign country,1,Sweden,SWE,0,Sweden,SWE,0,Sweden,SWE,0,Sweden,Sweden,SWE,Sweden,,Swe.,S,Kingdom of Sweden,,Sweden,,,Sweden,,1,4,2,4,10285453.0,14,2019,530883,2019,2. Developed region: nonG7,1. High income: OECD,SW,SE,SE,SWE,SWE,752,752,752,SE,SWE,23424954,23424954,Exact WOE match as country,SWE,,SWE,SWE,SWE,SWE,SWE,SWE,SWE,SWE,SWE,SWE,SWE,SWE,SWE,SWE,SWE,SWE,SWE,SWE,SWE,SWE,SWE,SWE,SWE,SWE,SWE,SWE,SWE,SWE,SWE,SWE,SWE,SWE,-99,-99,Europe,Europe,Northern Europe,Europe & Central Asia,6,6,4,-99,1,0.0,2.0,7.0,19.01705,65.85918,1159321287,Q34,السويد,সুইডেন,Schweden,Sweden,Suecia,سوئد,Suède,Σουηδία,שוודיה,स्वीडन,Svédország,Swedia,Svezia,スウェーデン,스웨덴,Zweden,Szwecja,Suécia,Швеция,Sverige,İsveç,Швеція,سویڈن,Thụy Điển,瑞典,瑞典,Admin-0 country,,Admin-0 country,,,,,,,,,,,,,,,,,,,,,,,,,,,,,,,
University of Zurich,47.4968435,8.7298072,POINT (8.7298072 47.4968435),127,Admin-0 country,1,4,Switzerland,CHE,0,2,Sovereign country,1,Switzerland,CHE,0,Switzerland,CHE,0,Switzerland,CHE,0,Switzerland,Switzerland,CHE,Switzerland,,Switz.,CH,Swiss Confederation,,Switzerland,,,Switzerland,,5,2,7,3,8574832.0,13,2019,703082,2019,2. Developed region: nonG7,1. High income: OECD,SZ,CH,CH,CHE,CHE,756,756,756,CH,CHE,23424957,23424957,Exact WOE match as country,CHE,,CHE,CHE,CHE,CHE,CHE,CHE,CHE,CHE,CHE,CHE,CHE,CHE,CHE,CHE,CHE,CHE,CHE,CHE,CHE,CHE,CHE,CHE,CHE,CHE,CHE,CHE,CHE,CHE,CHE,CHE,CHE,CHE,-99,-99,Europe,Europe,Western Europe,Europe & Central Asia,11,11,6,-99,1,0.0,4.0,9.0,7.463965,46.719114,1159320491,Q39,سويسرا,সুইজারল্যান্ড,Schweiz,Switzerland,Suiza,سوئیس,Suisse,Ελβετία,שווייץ,स्विट्ज़रलैण्ड,Svájc,Swiss,Svizzera,スイス,스위스,Zwitserland,Szwajcaria,Suíça,Швейцария,Schweiz,İsviçre,Швейцарія,سویٹزرلینڈ,Thụy Sĩ,瑞士,瑞士,Admin-0 country,,Admin-0 country,,,,,,,,,,,,,,,,,,,,,,,,,,,,,,,
Lund University,55.7126504,13.2107587,POINT (13.2107587 55.7126504),110,Admin-0 country,1,3,Sweden,SWE,0,2,Sovereign country,1,Sweden,SWE,0,Sweden,SWE,0,Sweden,SWE,0,Sweden,Sweden,SWE,Sweden,,Swe.,S,Kingdom of Sweden,,Sweden,,,Sweden,,1,4,2,4,10285453.0,14,2019,530883,2019,2. Developed region: nonG7,1. High income: OECD,SW,SE,SE,SWE,SWE,752,752,752,SE,SWE,23424954,23424954,Exact WOE match as country,SWE,,SWE,SWE,SWE,SWE,SWE,SWE,SWE,SWE,SWE,SWE,SWE,SWE,SWE,SWE,SWE,SWE,SWE,SWE,SWE,SWE,SWE,SWE,SWE,SWE,SWE,SWE,SWE,SWE,SWE,SWE,SWE,SWE,-99,-99,Europe,Europe,Northern Europe,Europe & Central Asia,6,6,4,-99,1,0.0,2.0,7.0,19.01705,65.85918,1159321287,Q34,السويد,সুইডেন,Schweden,Sweden,Suecia,سوئد,Suède,Σουηδία,שוודיה,स्वीडन,Svédország,Swedia,Svezia,スウェーデン,스웨덴,Zweden,Szwecja,Suécia,Швеция,Sverige,İsveç,Швеція,سویڈن,Thụy Điển,瑞典,瑞典,Admin-0 country,,Admin-0 country,,,,,,,,,,,,,,,,,,,,,,,,,,,,,,,
University of Helsinki,60.226722,25.01767,POINT (25.01767 60.226722),151,Admin-0 country,1,3,Finland,FI1,1,2,Country,1,Finland,FIN,0,Finland,FIN,0,Finland,FIN,0,Finland,Finland,FIN,Finland,,Fin.,FIN,Republic of Finland,,Finland,,,Finland,,4,1,4,6,5520314.0,13,2019,269296,2019,2. Developed region: nonG7,1. High income: OECD,FI,FI,FI,FIN,FIN,246,246,246,FI,FIN,23424812,23424812,Exact WOE match as country,FIN,,FIN,FIN,FIN,FIN,FIN,FIN,FIN,FIN,FIN,FIN,FIN,FIN,FIN,FIN,FIN,FIN,FIN,FIN,FIN,FIN,FIN,FIN,FIN,FIN,FIN,FIN,FIN,FIN,FIN,FIN,FIN,FIN,-99,-99,Europe,Europe,Northern Europe,Europe & Central Asia,7,7,4,-99,1,0.0,3.0,8.0,27.276449,63.252361,1159320623,Q33,فنلندا,ফিনল্যান্ড,Finnland,Finland,Finlandia,فنلاند,Finlande,Φινλανδία,פינלנד,फ़िनलैण्ड,Finnország,Finlandia,Finlandia,フィンランド,핀란드,Finland,Finlandia,Finlândia,Финляндия,Finland,Finlandiya,Фінляндія,فن لینڈ,Phần Lan,芬兰,芬蘭,Admin-0 country,,Admin-0 country,,,,,,,,,,,,,,,,,,,,,,,,,,,,,,,
University of Basel,47.5612651,7.5752961,POINT (7.5752961 47.5612651),127,Admin-0 country,1,4,Switzerland,CHE,0,2,Sovereign country,1,Switzerland,CHE,0,Switzerland,CHE,0,Switzerland,CHE,0,Switzerland,Switzerland,CHE,Switzerland,,Switz.,CH,Swiss Confederation,,Switzerland,,,Switzerland,,5,2,7,3,8574832.0,13,2019,703082,2019,2. Developed region: nonG7,1. High income: OECD,SZ,CH,CH,CHE,CHE,756,756,756,CH,CHE,23424957,23424957,Exact WOE match as country,CHE,,CHE,CHE,CHE,CHE,CHE,CHE,CHE,CHE,CHE,CHE,CHE,CHE,CHE,CHE,CHE,CHE,CHE,CHE,CHE,CHE,CHE,CHE,CHE,CHE,CHE,CHE,CHE,CHE,CHE,CHE,CHE,CHE,-99,-99,Europe,Europe,Western Europe,Europe & Central Asia,11,11,6,-99,1,0.0,4.0,9.0,7.463965,46.719114,1159320491,Q39,سويسرا,সুইজারল্যান্ড,Schweiz,Switzerland,Suiza,سوئیس,Suisse,Ελβετία,שווייץ,स्विट्ज़रलैण्ड,Svájc,Swiss,Svizzera,スイス,스위스,Zwitserland,Szwajcaria,Suíça,Швейцария,Schweiz,İsviçre,Швейцарія,سویٹزرلینڈ,Thụy Sĩ,瑞士,瑞士,Admin-0 country,,Admin-0 country,,,,,,,,,,,,,,,,,,,,,,,,,,,,,,,
University of Sheffield,53.3729621,-1.5059315,POINT (-1.5059315 53.3729621),143,Admin-0 country,1,2,United Kingdom,GB1,1,2,Country,1,United Kingdom,GBR,0,United Kingdom,GBR,0,United Kingdom,GBR,0,United Kingdom,United Kingdom,GBR,United Kingdom,,U.K.,GB,United Kingdom of Great Britain and Northern Ireland,,United Kingdom,,,United Kingdom,,6,6,6,3,66834405.0,16,2019,2829108,2019,1. Developed region: G7,1. High income: OECD,UK,GB,GB,GBR,GBR,826,826,826,GB,GBR,-90,23424975,"Eh ID includes Channel Islands and Isle of Man. UK constituent countries of England (24554868), Wales (12578049), Scotland (12578048), and Northern Ireland (20070563).",GBR,,GBR,GBR,GBR,GBR,GBR,GBR,GBR,GBR,GBR,GBR,GBR,GBR,GBR,GBR,GBR,GBR,GBR,GBR,GBR,GBR,GBR,GBR,GBR,GBR,GBR,GBR,GBR,GBR,GBR,GBR,GBR,GBR,-99,-99,Europe,Europe,Northern Europe,Europe & Central Asia,14,14,4,-99,1,0.0,1.7,6.7,-2.116346,54.402739,1159320713,Q145,المملكة المتحدة,যুক্তরাজ্য,Vereinigtes Königreich,United Kingdom,Reino Unido,بریتانیا,Royaume-Uni,Ηνωμένο Βασίλειο,הממלכה המאוחדת,यूनाइटेड किंगडम,Egyesült Királyság,Britania Raya,Regno Unito,イギリス,영국,Verenigd Koninkrijk,Wielka Brytania,Reino Unido,Великобритания,Storbritannien,Birleşik Krallık,Велика Британія,مملکت متحدہ,Vương quốc Liên hiệp Anh và Bắc Ireland,英国,英國,Admin-0 country,,Admin-0 country,,,,,,,,,,,,,,,,,,,,,,,,,,,,,,,
University of Bern,46.9509726,7.4386841,POINT (7.4386841 46.9509726),127,Admin-0 country,1,4,Switzerland,CHE,0,2,Sovereign country,1,Switzerland,CHE,0,Switzerland,CHE,0,Switzerland,CHE,0,Switzerland,Switzerland,CHE,Switzerland,,Switz.,CH,Swiss Confederation,,Switzerland,,,Switzerland,,5,2,7,3,8574832.0,13,2019,703082,2019,2. Developed region: nonG7,1. High income: OECD,SZ,CH,CH,CHE,CHE,756,756,756,CH,CHE,23424957,23424957,Exact WOE match as country,CHE,,CHE,CHE,CHE,CHE,CHE,CHE,CHE,CHE,CHE,CHE,CHE,CHE,CHE,CHE,CHE,CHE,CHE,CHE,CHE,CHE,CHE,CHE,CHE,CHE,CHE,CHE,CHE,CHE,CHE,CHE,CHE,CHE,-99,-99,Europe,Europe,Western Europe,Europe & Central Asia,11,11,6,-99,1,0.0,4.0,9.0,7.463965,46.719114,1159320491,Q39,سويسرا,সুইজারল্যান্ড,Schweiz,Switzerland,Suiza,سوئیس,Suisse,Ελβετία,שווייץ,स्विट्ज़रलैण्ड,Svájc,Swiss,Svizzera,スイス,스위스,Zwitserland,Szwajcaria,Suíça,Швейцария,Schweiz,İsviçre,Швейцарія,سویٹزرلینڈ,Thụy Sĩ,瑞士,瑞士,Admin-0 country,,Admin-0 country,,,,,,,,,,,,,,,,,,,,,,,,,,,,,,,
University of Bonn,50.7338124,7.1022465,POINT (7.1022465 50.7338124),121,Admin-0 country,1,2,Germany,DEU,0,2,Sovereign country,1,Germany,DEU,0,Germany,DEU,0,Germany,DEU,0,Germany,Germany,DEU,Germany,,Ger.,D,Federal Republic of Germany,,Germany,,,Germany,,2,5,5,1,83132799.0,16,2019,3861123,2019,1. Developed region: G7,1. High income: OECD,GM,DE,DE,DEU,DEU,276,276,276,DE,DEU,23424829,23424829,Exact WOE match as country,DEU,,DEU,DEU,DEU,DEU,DEU,DEU,DEU,DEU,DEU,DEU,DEU,DEU,DEU,DEU,DEU,DEU,DEU,DEU,DEU,DEU,DEU,DEU,DEU,DEU,DEU,DEU,DEU,DEU,DEU,DEU,DEU,DEU,-99,-99,Europe,Europe,Western Europe,Europe & Central Asia,7,7,4,-99,1,0.0,1.7,6.7,9.678348,50.961733,1159320539,Q183,ألمانيا,জার্মানি,Deutschland,Germany,Alemania,آلمان,Allemagne,Γερμανία,גרמניה,जर्मनी,Németország,Jerman,Germania,ドイツ,독일,Duitsland,Niemcy,Alemanha,Германия,Tyskland,Almanya,Німеччина,جرمنی,Đức,德国,德國,Admin-0 country,,Admin-0 country,,,,,,,,,,,,,,,,,,,,,,,,,,,,,,,
Durham University,54.7641281,-1.5863066,POINT (-1.5863066 54.7641281),143,Admin-0 country,1,2,United Kingdom,GB1,1,2,Country,1,United Kingdom,GBR,0,United Kingdom,GBR,0,United Kingdom,GBR,0,United Kingdom,United Kingdom,GBR,United Kingdom,,U.K.,GB,United Kingdom of Great Britain and Northern Ireland,,United Kingdom,,,United Kingdom,,6,6,6,3,66834405.0,16,2019,2829108,2019,1. Developed region: G7,1. High income: OECD,UK,GB,GB,GBR,GBR,826,826,826,GB,GBR,-90,23424975,"Eh ID includes Channel Islands and Isle of Man. UK constituent countries of England (24554868), Wales (12578049), Scotland (12578048), and Northern Ireland (20070563).",GBR,,GBR,GBR,GBR,GBR,GBR,GBR,GBR,GBR,GBR,GBR,GBR,GBR,GBR,GBR,GBR,GBR,GBR,GBR,GBR,GBR,GBR,GBR,GBR,GBR,GBR,GBR,GBR,GBR,GBR,GBR,GBR,GBR,-99,-99,Europe,Europe,Northern Europe,Europe & Central Asia,14,14,4,-99,1,0.0,1.7,6.7,-2.116346,54.402739,1159320713,Q145,المملكة المتحدة,যুক্তরাজ্য,Vereinigtes Königreich,United Kingdom,Reino Unido,بریتانیا,Royaume-Uni,Ηνωμένο Βασίλειο,הממלכה המאוחדת,यूनाइटेड किंगडम,Egyesült Királyság,Britania Raya,Regno Unito,イギリス,영국,Verenigd Koninkrijk,Wielka Brytania,Reino Unido,Великобритания,Storbritannien,Birleşik Krallık,Велика Британія,مملکت متحدہ,Vương quốc Liên hiệp Anh và Bắc Ireland,英国,英國,Admin-0 country,,Admin-0 country,,,,,,,,,,,,,,,,,,,,,,,,,,,,,,,
University of Birmingham,52.4522956,-1.9312857,POINT (-1.9312857 52.4522956),143,Admin-0 country,1,2,United Kingdom,GB1,1,2,Country,1,United Kingdom,GBR,0,United Kingdom,GBR,0,United Kingdom,GBR,0,United Kingdom,United Kingdom,GBR,United Kingdom,,U.K.,GB,United Kingdom of Great Britain and Northern Ireland,,United Kingdom,,,United Kingdom,,6,6,6,3,66834405.0,16,2019,2829108,2019,1. Developed region: G7,1. High income: OECD,UK,GB,GB,GBR,GBR,826,826,826,GB,GBR,-90,23424975,"Eh ID includes Channel Islands and Isle of Man. UK constituent countries of England (24554868), Wales (12578049), Scotland (12578048), and Northern Ireland (20070563).",GBR,,GBR,GBR,GBR,GBR,GBR,GBR,GBR,GBR,GBR,GBR,GBR,GBR,GBR,GBR,GBR,GBR,GBR,GBR,GBR,GBR,GBR,GBR,GBR,GBR,GBR,GBR,GBR,GBR,GBR,GBR,GBR,GBR,-99,-99,Europe,Europe,Northern Europe,Europe & Central Asia,14,14,4,-99,1,0.0,1.7,6.7,-2.116346,54.402739,1159320713,Q145,المملكة المتحدة,যুক্তরাজ্য,Vereinigtes Königreich,United Kingdom,Reino Unido,بریتانیا,Royaume-Uni,Ηνωμένο Βασίλειο,הממלכה המאוחדת,यूनाइटेड किंगडम,Egyesült Királyság,Britania Raya,Regno Unito,イギリス,영국,Verenigd Koninkrijk,Wielka Brytania,Reino Unido,Великобритания,Storbritannien,Birleşik Krallık,Велика Британія,مملکت متحدہ,Vương quốc Liên hiệp Anh và Bắc Ireland,英国,英國,Admin-0 country,,Admin-0 country,,,,,,,,,,,,,,,,,,,,,,,,,,,,,,,
University of Copenhagen,55.6801502,12.572327,POINT (12.572327 55.6801502),142,Admin-0 country,1,4,Denmark,DN1,1,2,Country,1,Denmark,DNK,0,Denmark,DNK,0,Denmark,DNK,0,Denmark,Denmark,DNK,Denmark,,Den.,DK,Kingdom of Denmark,,Denmark,,,Denmark,,4,1,3,12,5818553.0,13,2019,350104,2019,2. Developed region: nonG7,1. High income: OECD,DA,DK,DK,DNK,DNK,208,208,208,DK,DNK,23424796,23424796,Exact WOE match as country,DNK,,DNK,DNK,DNK,DNK,DNK,DNK,DNK,DNK,DNK,DNK,DNK,DNK,DNK,DNK,DNK,DNK,DNK,DNK,DNK,DNK,DNK,DNK,DNK,DNK,DNK,DNK,DNK,DNK,DNK,DNK,DNK,DNK,-99,-99,Europe,Europe,Northern Europe,Europe & Central Asia,7,7,4,-99,1,0.0,3.0,8.0,9.018163,55.966965,1159320547,Q35,الدنمارك,ডেনমার্ক,Dänemark,Denmark,Dinamarca,دانمارک,Danemark,Δανία,דנמרק,डेनमार्क,Dánia,Denmark,Danimarca,デンマーク,덴마크,Denemarken,Dania,Dinamarca,Дания,Danmark,Danimarka,Данія,ڈنمارک,Đan Mạch,丹麦,丹麥,Admin-0 country,,Admin-0 country,,,,,,,,,,,,,,,,,,,,,,,,,,,,,,,
University of York,53.9453903,-1.0314593,POINT (-1.0314593 53.9453903),143,Admin-0 country,1,2,United Kingdom,GB1,1,2,Country,1,United Kingdom,GBR,0,United Kingdom,GBR,0,United Kingdom,GBR,0,United Kingdom,United Kingdom,GBR,United Kingdom,,U.K.,GB,United Kingdom of Great Britain and Northern Ireland,,United Kingdom,,,United Kingdom,,6,6,6,3,66834405.0,16,2019,2829108,2019,1. Developed region: G7,1. High income: OECD,UK,GB,GB,GBR,GBR,826,826,826,GB,GBR,-90,23424975,"Eh ID includes Channel Islands and Isle of Man. UK constituent countries of England (24554868), Wales (12578049), Scotland (12578048), and Northern Ireland (20070563).",GBR,,GBR,GBR,GBR,GBR,GBR,GBR,GBR,GBR,GBR,GBR,GBR,GBR,GBR,GBR,GBR,GBR,GBR,GBR,GBR,GBR,GBR,GBR,GBR,GBR,GBR,GBR,GBR,GBR,GBR,GBR,GBR,GBR,-99,-99,Europe,Europe,Northern Europe,Europe & Central Asia,14,14,4,-99,1,0.0,1.7,6.7,-2.116346,54.402739,1159320713,Q145,المملكة المتحدة,যুক্তরাজ্য,Vereinigtes Königreich,United Kingdom,Reino Unido,بریتانیا,Royaume-Uni,Ηνωμένο Βασίλειο,הממלכה המאוחדת,यूनाइटेड किंगडम,Egyesült Királyság,Britania Raya,Regno Unito,イギリス,영국,Verenigd Koninkrijk,Wielka Brytania,Reino Unido,Великобритания,Storbritannien,Birleşik Krallık,Велика Британія,مملکت متحدہ,Vương quốc Liên hiệp Anh và Bắc Ireland,英国,英國,Admin-0 country,,Admin-0 country,,,,,,,,,,,,,,,,,,,,,,,,,,,,,,,
Trinity College Dublin,53.3438434,-6.2543853,POINT (-6.2543853 53.3438434),133,Admin-0 country,1,3,Ireland,IRL,0,2,Sovereign country,1,Ireland,IRL,0,Ireland,IRL,0,Ireland,IRL,0,Ireland,Ireland,IRL,Ireland,,Ire.,IRL,Ireland,,Ireland,,,Ireland,,2,3,2,2,4941444.0,12,2019,388698,2019,2. Developed region: nonG7,1. High income: OECD,EI,IE,IE,IRL,IRL,372,372,372,IE,IRL,23424803,23424803,Exact WOE match as country,IRL,,IRL,IRL,IRL,IRL,IRL,IRL,IRL,IRL,IRL,IRL,IRL,IRL,IRL,IRL,IRL,IRL,IRL,IRL,IRL,IRL,IRL,IRL,IRL,IRL,IRL,IRL,IRL,IRL,IRL,IRL,IRL,IRL,-99,-99,Europe,Europe,Northern Europe,Europe & Central Asia,7,7,4,-99,1,0.0,3.0,8.0,-7.798588,53.078726,1159320877,Q27,جمهورية أيرلندا,প্রজাতন্ত্রী আয়ারল্যান্ড,Irland,Ireland,Irlanda,ایرلند,Irlande,Δημοκρατία της Ιρλανδίας,אירלנד,आयरलैण्ड,Írország,Republik Irlandia,Irlanda,アイルランド,아일랜드,Ierland,Irlandia,República da Irlanda,Ирландия,Irland,İrlanda,Ірландія,جمہوریہ آئرلینڈ,Cộng hòa Ireland,爱尔兰,愛爾蘭,Admin-0 country,,Admin-0 country,,,,,,,,,,,,,,,,,,,,,,,,,,,,,,,
University of Oslo,59.9414173,10.7227683,POINT (10.7227683 59.9414173),21,Admin-0 country,1,3,Norway,NOR,0,2,Sovereign country,,Norway,NOR,0,Norway,NOR,0,Norway,NOR,0,Norway,Norway,NOR,Norway,,Nor.,N,Kingdom of Norway,,Norway,,,Norway,,5,3,8,12,5347896.0,13,2019,403336,2019,2. Developed region: nonG7,1. High income: OECD,-99,-99,NO,-99,NOR,-99,578,-99,-99,-99,-90,23424910,"Does not include Svalbard, Jan Mayen, or Bouvet Islands (28289410).",NOR,,NOR,NOR,NOR,NOR,NOR,NOR,NOR,NOR,NOR,NOR,NOR,NOR,NOR,NOR,NOR,NOR,NOR,NOR,NOR,NOR,NOR,NOR,NOR,NOR,NOR,NOR,NOR,NOR,NOR,NOR,NOR,NOR,-99,-99,Europe,Europe,Northern Europe,Europe & Central Asia,6,6,4,-99,1,0.0,3.0,7.0,9.679975,61.357092,1159321109,Q20,النرويج,নরওয়ে,Norwegen,Norway,Noruega,نروژ,Norvège,Νορβηγία,נורווגיה,नॉर्वे,Norvégia,Norwegia,Norvegia,ノルウェー,노르웨이,Noorwegen,Norwegia,Noruega,Норвегия,Norge,Norveç,Норвегія,ناروے,Na Uy,挪威,挪威,Unrecognized,,Unrecognized,,,,,,,,,,,,,,,,,,,,,,,,,,,,,,,
Aarhus University,56.1670905,10.2026177,POINT (10.2026177 56.1670905),142,Admin-0 country,1,4,Denmark,DN1,1,2,Country,1,Denmark,DNK,0,Denmark,DNK,0,Denmark,DNK,0,Denmark,Denmark,DNK,Denmark,,Den.,DK,Kingdom of Denmark,,Denmark,,,Denmark,,4,1,3,12,5818553.0,13,2019,350104,2019,2. Developed region: nonG7,1. High income: OECD,DA,DK,DK,DNK,DNK,208,208,208,DK,DNK,23424796,23424796,Exact WOE match as country,DNK,,DNK,DNK,DNK,DNK,DNK,DNK,DNK,DNK,DNK,DNK,DNK,DNK,DNK,DNK,DNK,DNK,DNK,DNK,DNK,DNK,DNK,DNK,DNK,DNK,DNK,DNK,DNK,DNK,DNK,DNK,DNK,DNK,-99,-99,Europe,Europe,Northern Europe,Europe & Central Asia,7,7,4,-99,1,0.0,3.0,8.0,9.018163,55.966965,1159320547,Q35,الدنمارك,ডেনমার্ক,Dänemark,Denmark,Dinamarca,دانمارک,Danemark,Δανία,דנמרק,डेनमार्क,Dánia,Denmark,Danimarca,デンマーク,덴마크,Denemarken,Dania,Dinamarca,Дания,Danmark,Danimarka,Данія,ڈنمارک,Đan Mạch,丹麦,丹麥,Admin-0 country,,Admin-0 country,,,,,,,,,,,,,,,,,,,,,,,,,,,,,,,
University of Mannheim,49.483885,8.4708736,POINT (8.4708736 49.483885),121,Admin-0 country,1,2,Germany,DEU,0,2,Sovereign country,1,Germany,DEU,0,Germany,DEU,0,Germany,DEU,0,Germany,Germany,DEU,Germany,,Ger.,D,Federal Republic of Germany,,Germany,,,Germany,,2,5,5,1,83132799.0,16,2019,3861123,2019,1. Developed region: G7,1. High income: OECD,GM,DE,DE,DEU,DEU,276,276,276,DE,DEU,23424829,23424829,Exact WOE match as country,DEU,,DEU,DEU,DEU,DEU,DEU,DEU,DEU,DEU,DEU,DEU,DEU,DEU,DEU,DEU,DEU,DEU,DEU,DEU,DEU,DEU,DEU,DEU,DEU,DEU,DEU,DEU,DEU,DEU,DEU,DEU,DEU,DEU,-99,-99,Europe,Europe,Western Europe,Europe & Central Asia,7,7,4,-99,1,0.0,1.7,6.7,9.678348,50.961733,1159320539,Q183,ألمانيا,জার্মানি,Deutschland,Germany,Alemania,آلمان,Allemagne,Γερμανία,גרמניה,जर्मनी,Németország,Jerman,Germania,ドイツ,독일,Duitsland,Niemcy,Alemanha,Германия,Tyskland,Almanya,Німеччина,جرمنی,Đức,德国,德國,Admin-0 country,,Admin-0 country,,,,,,,,,,,,,,,,,,,,,,,,,,,,,,,
Radboud University Nijmegen,51.8215172,5.8634209,POINT (5.8634209 51.8215172),130,Admin-0 country,1,5,Netherlands,NL1,1,2,Country,1,Netherlands,NLD,0,Netherlands,NLD,0,Netherlands,NLD,0,Netherlands,Netherlands,NLD,Netherlands,,Neth.,NL,Kingdom of the Netherlands,,Netherlands,,,Netherlands,,4,2,2,9,17332850.0,14,2019,907050,2019,2. Developed region: nonG7,1. High income: OECD,NL,NL,NL,NLD,NLD,528,528,528,NL,NLD,-90,23424909,"Doesn't include new former units of Netherlands Antilles (24549811, 24549808, and 24549809)",NLD,,NLD,NLD,NLD,NLD,NLD,NLD,NLD,NLD,NLD,NLD,NLD,NLD,NLD,NLD,NLD,NLD,NLD,NLD,NLD,NLD,NLD,NLD,NLD,NLD,NLD,NLD,NLD,NLD,NLD,NLD,NLD,NLD,-99,-99,Europe,Europe,Western Europe,Europe & Central Asia,11,11,5,-99,1,0.0,4.0,10.0,5.61144,52.422211,1159321101,Q55,هولندا,নেদারল্যান্ডস,Niederlande,Netherlands,Países Bajos,هلند,Pays-Bas,Ολλανδία,הולנד,नीदरलैण्ड,Hollandia,Belanda,Paesi Bassi,オランダ,네덜란드,Nederland,Holandia,Países Baixos,Нидерланды,Nederländerna,Hollanda,Нідерланди,نیدرلینڈز,Hà Lan,荷兰,荷蘭,Admin-0 country,,Admin-0 country,,,,,,,,,,,,,,,,,,,,,,,,,,,,,,,
Maastricht University,50.8472082,5.68595,POINT (5.68595 50.8472082),129,Admin-0 country,1,2,Belgium,BEL,0,2,Sovereign country,1,Belgium,BEL,0,Belgium,BEL,0,Belgium,BEL,0,Belgium,Belgium,BEL,Belgium,,Belg.,B,Kingdom of Belgium,,Belgium,,,Belgium,,3,2,1,8,11484055.0,14,2019,533097,2019,2. Developed region: nonG7,1. High income: OECD,BE,BE,BE,BEL,BEL,056,056,056,BE,BEL,23424757,23424757,Exact WOE match as country,BEL,,BEL,BEL,BEL,BEL,BEL,BEL,BEL,BEL,BEL,BEL,BEL,BEL,BEL,BEL,BEL,BEL,BEL,BEL,BEL,BEL,BEL,BEL,BEL,BEL,BEL,BEL,BEL,BEL,BEL,BEL,BEL,BEL,-99,-99,Europe,Europe,Western Europe,Europe & Central Asia,7,7,5,-99,1,0.0,4.0,9.0,4.800448,50.785392,1159320389,Q31,بلجيكا,বেলজিয়াম,Belgien,Belgium,Bélgica,بلژیک,Belgique,Βέλγιο,בלגיה,बेल्जियम,Belgium,Belgia,Belgio,ベルギー,벨기에,België,Belgia,Bélgica,Бельгия,Belgien,Belçika,Бельгія,بلجئیم,Bỉ,比利时,比利時,Admin-0 country,,Admin-0 country,,,,,,,,,,,,,,,,,,,,,,,,,,,,,,,
Queen Mary University of London,51.5247403,-0.0393136,POINT (-0.0393136 51.5247403),143,Admin-0 country,1,2,United Kingdom,GB1,1,2,Country,1,United Kingdom,GBR,0,United Kingdom,GBR,0,United Kingdom,GBR,0,United Kingdom,United Kingdom,GBR,United Kingdom,,U.K.,GB,United Kingdom of Great Britain and Northern Ireland,,United Kingdom,,,United Kingdom,,6,6,6,3,66834405.0,16,2019,2829108,2019,1. Developed region: G7,1. High income: OECD,UK,GB,GB,GBR,GBR,826,826,826,GB,GBR,-90,23424975,"Eh ID includes Channel Islands and Isle of Man. UK constituent countries of England (24554868), Wales (12578049), Scotland (12578048), and Northern Ireland (20070563).",GBR,,GBR,GBR,GBR,GBR,GBR,GBR,GBR,GBR,GBR,GBR,GBR,GBR,GBR,GBR,GBR,GBR,GBR,GBR,GBR,GBR,GBR,GBR,GBR,GBR,GBR,GBR,GBR,GBR,GBR,GBR,GBR,GBR,-99,-99,Europe,Europe,Northern Europe,Europe & Central Asia,14,14,4,-99,1,0.0,1.7,6.7,-2.116346,54.402739,1159320713,Q145,المملكة المتحدة,যুক্তরাজ্য,Vereinigtes Königreich,United Kingdom,Reino Unido,بریتانیا,Royaume-Uni,Ηνωμένο Βασίλειο,הממלכה המאוחדת,यूनाइटेड किंगडम,Egyesült Királyság,Britania Raya,Regno Unito,イギリス,영국,Verenigd Koninkrijk,Wielka Brytania,Reino Unido,Великобритания,Storbritannien,Birleşik Krallık,Велика Британія,مملکت متحدہ,Vương quốc Liên hiệp Anh và Bắc Ireland,英国,英國,Admin-0 country,,Admin-0 country,,,,,,,,,,,,,,,,,,,,,,,,,,,,,,,
University of Hamburg,53.564106,9.9949809,POINT (9.9949809 53.564106),121,Admin-0 country,1,2,Germany,DEU,0,2,Sovereign country,1,Germany,DEU,0,Germany,DEU,0,Germany,DEU,0,Germany,Germany,DEU,Germany,,Ger.,D,Federal Republic of Germany,,Germany,,,Germany,,2,5,5,1,83132799.0,16,2019,3861123,2019,1. Developed region: G7,1. High income: OECD,GM,DE,DE,DEU,DEU,276,276,276,DE,DEU,23424829,23424829,Exact WOE match as country,DEU,,DEU,DEU,DEU,DEU,DEU,DEU,DEU,DEU,DEU,DEU,DEU,DEU,DEU,DEU,DEU,DEU,DEU,DEU,DEU,DEU,DEU,DEU,DEU,DEU,DEU,DEU,DEU,DEU,DEU,DEU,DEU,DEU,-99,-99,Europe,Europe,Western Europe,Europe & Central Asia,7,7,4,-99,1,0.0,1.7,6.7,9.678348,50.961733,1159320539,Q183,ألمانيا,জার্মানি,Deutschland,Germany,Alemania,آلمان,Allemagne,Γερμανία,גרמניה,जर्मनी,Németország,Jerman,Germania,ドイツ,독일,Duitsland,Niemcy,Alemanha,Германия,Tyskland,Almanya,Німеччина,جرمنی,Đức,德国,德國,Admin-0 country,,Admin-0 country,,,,,,,,,,,,,,,,,,,,,,,,,,,,,,,
Karlsruhe Institute of Technology,49.1018534,8.4331202,POINT (8.4331202 49.1018534),121,Admin-0 country,1,2,Germany,DEU,0,2,Sovereign country,1,Germany,DEU,0,Germany,DEU,0,Germany,DEU,0,Germany,Germany,DEU,Germany,,Ger.,D,Federal Republic of Germany,,Germany,,,Germany,,2,5,5,1,83132799.0,16,2019,3861123,2019,1. Developed region: G7,1. High income: OECD,GM,DE,DE,DEU,DEU,276,276,276,DE,DEU,23424829,23424829,Exact WOE match as country,DEU,,DEU,DEU,DEU,DEU,DEU,DEU,DEU,DEU,DEU,DEU,DEU,DEU,DEU,DEU,DEU,DEU,DEU,DEU,DEU,DEU,DEU,DEU,DEU,DEU,DEU,DEU,DEU,DEU,DEU,DEU,DEU,DEU,-99,-99,Europe,Europe,Western Europe,Europe & Central Asia,7,7,4,-99,1,0.0,1.7,6.7,9.678348,50.961733,1159320539,Q183,ألمانيا,জার্মানি,Deutschland,Germany,Alemania,آلمان,Allemagne,Γερμανία,גרמניה,जर्मनी,Németország,Jerman,Germania,ドイツ,독일,Duitsland,Niemcy,Alemanha,Германия,Tyskland,Almanya,Німеччина,جرمنی,Đức,德国,德國,Admin-0 country,,Admin-0 country,,,,,,,,,,,,,,,,,,,,,,,,,,,,,,,
Pompeu Fabra University,41.4043275,2.1937054,POINT (2.1937054 41.4043275),132,Admin-0 country,1,2,Spain,ESP,0,2,Sovereign country,1,Spain,ESP,0,Spain,ESP,0,Spain,ESP,0,Spain,Spain,ESP,Spain,,Sp.,E,Kingdom of Spain,,Spain,,,Spain,,4,5,5,5,47076781.0,15,2019,1393490,2019,2. Developed region: nonG7,1. High income: OECD,SP,ES,ES,ESP,ESP,724,724,724,ES,ESP,23424950,23424950,Exact WOE match as country,ESP,,ESP,ESP,ESP,ESP,ESP,ESP,ESP,ESP,ESP,ESP,ESP,ESP,ESP,ESP,ESP,ESP,ESP,ESP,ESP,ESP,ESP,ESP,ESP,ESP,ESP,ESP,ESP,ESP,ESP,ESP,ESP,ESP,-99,-99,Europe,Europe,Southern Europe,Europe & Central Asia,5,5,3,-99,1,0.0,2.0,7.0,-3.464718,40.090953,1159320587,Q29,إسبانيا,স্পেন,Spanien,Spain,España,اسپانیا,Espagne,Ισπανία,ספרד,स्पेन,Spanyolország,Spanyol,Spagna,スペイン,스페인,Spanje,Hiszpania,Espanha,Испания,Spanien,İspanya,Іспанія,ہسپانیہ,Tây Ban Nha,西班牙,西班牙,Admin-0 country,,Admin-0 country,,,,,,,,,,,,,,,,,,,,,,,,,,,,,,,
University of Exeter,50.1701604,-5.1241802,POINT (-5.1241802 50.1701604),143,Admin-0 country,1,2,United Kingdom,GB1,1,2,Country,1,United Kingdom,GBR,0,United Kingdom,GBR,0,United Kingdom,GBR,0,United Kingdom,United Kingdom,GBR,United Kingdom,,U.K.,GB,United Kingdom of Great Britain and Northern Ireland,,United Kingdom,,,United Kingdom,,6,6,6,3,66834405.0,16,2019,2829108,2019,1. Developed region: G7,1. High income: OECD,UK,GB,GB,GBR,GBR,826,826,826,GB,GBR,-90,23424975,"Eh ID includes Channel Islands and Isle of Man. UK constituent countries of England (24554868), Wales (12578049), Scotland (12578048), and Northern Ireland (20070563).",GBR,,GBR,GBR,GBR,GBR,GBR,GBR,GBR,GBR,GBR,GBR,GBR,GBR,GBR,GBR,GBR,GBR,GBR,GBR,GBR,GBR,GBR,GBR,GBR,GBR,GBR,GBR,GBR,GBR,GBR,GBR,GBR,GBR,-99,-99,Europe,Europe,Northern Europe,Europe & Central Asia,14,14,4,-99,1,0.0,1.7,6.7,-2.116346,54.402739,1159320713,Q145,المملكة المتحدة,যুক্তরাজ্য,Vereinigtes Königreich,United Kingdom,Reino Unido,بریتانیا,Royaume-Uni,Ηνωμένο Βασίλειο,הממלכה המאוחדת,यूनाइटेड किंगडम,Egyesült Királyság,Britania Raya,Regno Unito,イギリス,영국,Verenigd Koninkrijk,Wielka Brytania,Reino Unido,Великобритания,Storbritannien,Birleşik Krallık,Велика Британія,مملکت متحدہ,Vương quốc Liên hiệp Anh và Bắc Ireland,英国,英國,Admin-0 country,,Admin-0 country,,,,,,,,,,,,,,,,,,,,,,,,,,,,,,,
Ghent University,51.0078484,3.7108831,POINT (3.7108831 51.0078484),129,Admin-0 country,1,2,Belgium,BEL,0,2,Sovereign country,1,Belgium,BEL,0,Belgium,BEL,0,Belgium,BEL,0,Belgium,Belgium,BEL,Belgium,,Belg.,B,Kingdom of Belgium,,Belgium,,,Belgium,,3,2,1,8,11484055.0,14,2019,533097,2019,2. Developed region: nonG7,1. High income: OECD,BE,BE,BE,BEL,BEL,056,056,056,BE,BEL,23424757,23424757,Exact WOE match as country,BEL,,BEL,BEL,BEL,BEL,BEL,BEL,BEL,BEL,BEL,BEL,BEL,BEL,BEL,BEL,BEL,BEL,BEL,BEL,BEL,BEL,BEL,BEL,BEL,BEL,BEL,BEL,BEL,BEL,BEL,BEL,BEL,BEL,-99,-99,Europe,Europe,Western Europe,Europe & Central Asia,7,7,5,-99,1,0.0,4.0,9.0,4.800448,50.785392,1159320389,Q31,بلجيكا,বেলজিয়াম,Belgien,Belgium,Bélgica,بلژیک,Belgique,Βέλγιο,בלגיה,बेल्जियम,Belgium,Belgia,Belgio,ベルギー,벨기에,België,Belgia,Bélgica,Бельгия,Belgien,Belçika,Бельгія,بلجئیم,Bỉ,比利时,比利時,Admin-0 country,,Admin-0 country,,,,,,,,,,,,,,,,,,,,,,,,,,,,,,,
University of Vienna,48.2131469,16.35997,POINT (16.35997 48.2131469),114,Admin-0 country,1,4,Austria,AUT,0,2,Sovereign country,1,Austria,AUT,0,Austria,AUT,0,Austria,AUT,0,Austria,Austria,AUT,Austria,,Aust.,A,Republic of Austria,,Austria,,,Austria,,3,1,3,4,8877067.0,13,2019,445075,2019,2. Developed region: nonG7,1. High income: OECD,AU,AT,AT,AUT,AUT,040,040,040,AT,AUT,23424750,23424750,Exact WOE match as country,AUT,,AUT,AUT,AUT,AUT,AUT,AUT,AUT,AUT,AUT,AUT,AUT,AUT,AUT,AUT,AUT,AUT,AUT,AUT,AUT,AUT,AUT,AUT,AUT,AUT,AUT,AUT,AUT,AUT,AUT,AUT,AUT,AUT,-99,-99,Europe,Europe,Western Europe,Europe & Central Asia,7,7,5,-99,1,0.0,3.0,8.0,14.130515,47.518859,1159320379,Q40,النمسا,অস্ট্রিয়া,Österreich,Austria,Austria,اتریش,Autriche,Αυστρία,אוסטריה,ऑस्ट्रिया,Ausztria,Austria,Austria,オーストリア,오스트리아,Oostenrijk,Austria,Áustria,Австрия,Österrike,Avusturya,Австрія,آسٹریا,Áo,奥地利,奧地利,Admin-0 country,,Admin-0 country,,,,,,,,,,,,,,,,,,,,,,,,,,,,,,,
University of Cologne,50.9280445,6.9281305,POINT (6.9281305 50.9280445),121,Admin-0 country,1,2,Germany,DEU,0,2,Sovereign country,1,Germany,DEU,0,Germany,DEU,0,Germany,DEU,0,Germany,Germany,DEU,Germany,,Ger.,D,Federal Republic of Germany,,Germany,,,Germany,,2,5,5,1,83132799.0,16,2019,3861123,2019,1. Developed region: G7,1. High income: OECD,GM,DE,DE,DEU,DEU,276,276,276,DE,DEU,23424829,23424829,Exact WOE match as country,DEU,,DEU,DEU,DEU,DEU,DEU,DEU,DEU,DEU,DEU,DEU,DEU,DEU,DEU,DEU,DEU,DEU,DEU,DEU,DEU,DEU,DEU,DEU,DEU,DEU,DEU,DEU,DEU,DEU,DEU,DEU,DEU,DEU,-99,-99,Europe,Europe,Western Europe,Europe & Central Asia,7,7,4,-99,1,0.0,1.7,6.7,9.678348,50.961733,1159320539,Q183,ألمانيا,জার্মানি,Deutschland,Germany,Alemania,آلمان,Allemagne,Γερμανία,גרמניה,जर्मनी,Németország,Jerman,Germania,ドイツ,독일,Duitsland,Niemcy,Alemanha,Германия,Tyskland,Almanya,Німеччина,جرمنی,Đức,德国,德國,Admin-0 country,,Admin-0 country,,,,,,,,,,,,,,,,,,,,,,,,,,,,,,,
Lancaster University,54.0098429,-2.7875768,POINT (-2.7875768 54.0098429),143,Admin-0 country,1,2,United Kingdom,GB1,1,2,Country,1,United Kingdom,GBR,0,United Kingdom,GBR,0,United Kingdom,GBR,0,United Kingdom,United Kingdom,GBR,United Kingdom,,U.K.,GB,United Kingdom of Great Britain and Northern Ireland,,United Kingdom,,,United Kingdom,,6,6,6,3,66834405.0,16,2019,2829108,2019,1. Developed region: G7,1. High income: OECD,UK,GB,GB,GBR,GBR,826,826,826,GB,GBR,-90,23424975,"Eh ID includes Channel Islands and Isle of Man. UK constituent countries of England (24554868), Wales (12578049), Scotland (12578048), and Northern Ireland (20070563).",GBR,,GBR,GBR,GBR,GBR,GBR,GBR,GBR,GBR,GBR,GBR,GBR,GBR,GBR,GBR,GBR,GBR,GBR,GBR,GBR,GBR,GBR,GBR,GBR,GBR,GBR,GBR,GBR,GBR,GBR,GBR,GBR,GBR,-99,-99,Europe,Europe,Northern Europe,Europe & Central Asia,14,14,4,-99,1,0.0,1.7,6.7,-2.116346,54.402739,1159320713,Q145,المملكة المتحدة,যুক্তরাজ্য,Vereinigtes Königreich,United Kingdom,Reino Unido,بریتانیا,Royaume-Uni,Ηνωμένο Βασίλειο,הממלכה המאוחדת,यूनाइटेड किंगडम,Egyesült Királyság,Britania Raya,Regno Unito,イギリス,영국,Verenigd Koninkrijk,Wielka Brytania,Reino Unido,Великобритания,Storbritannien,Birleşik Krallık,Велика Британія,مملکت متحدہ,Vương quốc Liên hiệp Anh và Bắc Ireland,英国,英國,Admin-0 country,,Admin-0 country,,,,,,,,,,,,,,,,,,,,,,,,,,,,,,,
University of Nottingham,52.9387428,-1.2002957,POINT (-1.2002957 52.9387428),143,Admin-0 country,1,2,United Kingdom,GB1,1,2,Country,1,United Kingdom,GBR,0,United Kingdom,GBR,0,United Kingdom,GBR,0,United Kingdom,United Kingdom,GBR,United Kingdom,,U.K.,GB,United Kingdom of Great Britain and Northern Ireland,,United Kingdom,,,United Kingdom,,6,6,6,3,66834405.0,16,2019,2829108,2019,1. Developed region: G7,1. High income: OECD,UK,GB,GB,GBR,GBR,826,826,826,GB,GBR,-90,23424975,"Eh ID includes Channel Islands and Isle of Man. UK constituent countries of England (24554868), Wales (12578049), Scotland (12578048), and Northern Ireland (20070563).",GBR,,GBR,GBR,GBR,GBR,GBR,GBR,GBR,GBR,GBR,GBR,GBR,GBR,GBR,GBR,GBR,GBR,GBR,GBR,GBR,GBR,GBR,GBR,GBR,GBR,GBR,GBR,GBR,GBR,GBR,GBR,GBR,GBR,-99,-99,Europe,Europe,Northern Europe,Europe & Central Asia,14,14,4,-99,1,0.0,1.7,6.7,-2.116346,54.402739,1159320713,Q145,المملكة المتحدة,যুক্তরাজ্য,Vereinigtes Königreich,United Kingdom,Reino Unido,بریتانیا,Royaume-Uni,Ηνωμένο Βασίλειο,הממלכה המאוחדת,यूनाइटेड किंगडम,Egyesült Királyság,Britania Raya,Regno Unito,イギリス,영국,Verenigd Koninkrijk,Wielka Brytania,Reino Unido,Великобритания,Storbritannien,Birleşik Krallık,Велика Британія,مملکت متحدہ,Vương quốc Liên hiệp Anh và Bắc Ireland,英国,英國,Admin-0 country,,Admin-0 country,,,,,,,,,,,,,,,,,,,,,,,,,,,,,,,
Ulm University,48.8417072,2.3447923,POINT (2.3447923 48.8417072),43,Admin-0 country,1,2,France,FR1,1,2,Country,1,France,FRA,0,France,FRA,0,France,FRA,0,France,France,FRA,France,,Fr.,F,French Republic,,France,,,France,,7,5,9,11,67059887.0,16,2019,2715518,2019,1. Developed region: G7,1. High income: OECD,FR,-99,FR,-99,FRA,-99,250,250,FR,FRA,-90,23424819,Includes only Metropolitan France (including Corsica),FRA,,FRA,FRA,FRA,FRA,FRA,FRA,FRA,FRA,FRA,FRA,FRA,FRA,FRA,FRA,FRA,FRA,FRA,FRA,FRA,FRA,FRA,FRA,FRA,FRA,FRA,FRA,FRA,FRA,FRA,FRA,FRA,FRA,-99,-99,Europe,Europe,Western Europe,Europe & Central Asia,6,6,3,-99,1,0.0,1.7,6.7,2.552275,46.696113,1159320637,Q142,فرنسا,ফ্রান্স,Frankreich,France,Francia,فرانسه,France,Γαλλία,צרפת,फ़्रान्स,Franciaország,Prancis,Francia,フランス,프랑스,Frankrijk,Francja,França,Франция,Frankrike,Fransa,Франція,فرانس,Pháp,法国,法國,Admin-0 country,,Admin-0 country,,,,,,,,,,,,,,,,,,,,,,,,,,,,,,,
TU Dresden,51.0282765,13.7359828,POINT (13.7359828 51.0282765),121,Admin-0 country,1,2,Germany,DEU,0,2,Sovereign country,1,Germany,DEU,0,Germany,DEU,0,Germany,DEU,0,Germany,Germany,DEU,Germany,,Ger.,D,Federal Republic of Germany,,Germany,,,Germany,,2,5,5,1,83132799.0,16,2019,3861123,2019,1. Developed region: G7,1. High income: OECD,GM,DE,DE,DEU,DEU,276,276,276,DE,DEU,23424829,23424829,Exact WOE match as country,DEU,,DEU,DEU,DEU,DEU,DEU,DEU,DEU,DEU,DEU,DEU,DEU,DEU,DEU,DEU,DEU,DEU,DEU,DEU,DEU,DEU,DEU,DEU,DEU,DEU,DEU,DEU,DEU,DEU,DEU,DEU,DEU,DEU,-99,-99,Europe,Europe,Western Europe,Europe & Central Asia,7,7,4,-99,1,0.0,1.7,6.7,9.678348,50.961733,1159320539,Q183,ألمانيا,জার্মানি,Deutschland,Germany,Alemania,آلمان,Allemagne,Γερμανία,גרמניה,जर्मनी,Németország,Jerman,Germania,ドイツ,독일,Duitsland,Niemcy,Alemanha,Германия,Tyskland,Almanya,Німеччина,جرمنی,Đức,德国,德國,Admin-0 country,,Admin-0 country,,,,,,,,,,,,,,,,,,,,,,,,,,,,,,,
University of Leeds,53.8057925,-1.555111,POINT (-1.555111 53.8057925),143,Admin-0 country,1,2,United Kingdom,GB1,1,2,Country,1,United Kingdom,GBR,0,United Kingdom,GBR,0,United Kingdom,GBR,0,United Kingdom,United Kingdom,GBR,United Kingdom,,U.K.,GB,United Kingdom of Great Britain and Northern Ireland,,United Kingdom,,,United Kingdom,,6,6,6,3,66834405.0,16,2019,2829108,2019,1. Developed region: G7,1. High income: OECD,UK,GB,GB,GBR,GBR,826,826,826,GB,GBR,-90,23424975,"Eh ID includes Channel Islands and Isle of Man. UK constituent countries of England (24554868), Wales (12578049), Scotland (12578048), and Northern Ireland (20070563).",GBR,,GBR,GBR,GBR,GBR,GBR,GBR,GBR,GBR,GBR,GBR,GBR,GBR,GBR,GBR,GBR,GBR,GBR,GBR,GBR,GBR,GBR,GBR,GBR,GBR,GBR,GBR,GBR,GBR,GBR,GBR,GBR,GBR,-99,-99,Europe,Europe,Northern Europe,Europe & Central Asia,14,14,4,-99,1,0.0,1.7,6.7,-2.116346,54.402739,1159320713,Q145,المملكة المتحدة,যুক্তরাজ্য,Vereinigtes Königreich,United Kingdom,Reino Unido,بریتانیا,Royaume-Uni,Ηνωμένο Βασίλειο,הממלכה המאוחדת,यूनाइटेड किंगडम,Egyesült Királyság,Britania Raya,Regno Unito,イギリス,영국,Verenigd Koninkrijk,Wielka Brytania,Reino Unido,Великобритания,Storbritannien,Birleşik Krallık,Велика Британія,مملکت متحدہ,Vương quốc Liên hiệp Anh và Bắc Ireland,英国,英國,Admin-0 country,,Admin-0 country,,,,,,,,,,,,,,,,,,,,,,,,,,,,,,,
Stockholm University,59.366141,18.059593,POINT (18.059593 59.366141),110,Admin-0 country,1,3,Sweden,SWE,0,2,Sovereign country,1,Sweden,SWE,0,Sweden,SWE,0,Sweden,SWE,0,Sweden,Sweden,SWE,Sweden,,Swe.,S,Kingdom of Sweden,,Sweden,,,Sweden,,1,4,2,4,10285453.0,14,2019,530883,2019,2. Developed region: nonG7,1. High income: OECD,SW,SE,SE,SWE,SWE,752,752,752,SE,SWE,23424954,23424954,Exact WOE match as country,SWE,,SWE,SWE,SWE,SWE,SWE,SWE,SWE,SWE,SWE,SWE,SWE,SWE,SWE,SWE,SWE,SWE,SWE,SWE,SWE,SWE,SWE,SWE,SWE,SWE,SWE,SWE,SWE,SWE,SWE,SWE,SWE,SWE,-99,-99,Europe,Europe,Northern Europe,Europe & Central Asia,6,6,4,-99,1,0.0,2.0,7.0,19.01705,65.85918,1159321287,Q34,السويد,সুইডেন,Schweden,Sweden,Suecia,سوئد,Suède,Σουηδία,שוודיה,स्वीडन,Svédország,Swedia,Svezia,スウェーデン,스웨덴,Zweden,Szwecja,Suécia,Швеция,Sverige,İsveç,Швеція,سویڈن,Thụy Điển,瑞典,瑞典,Admin-0 country,,Admin-0 country,,,,,,,,,,,,,,,,,,,,,,,,,,,,,,,
Scuola Normale Superiore di Pisa,43.7196862,10.400398,POINT (10.400398 43.7196862),141,Admin-0 country,1,2,Italy,ITA,0,2,Sovereign country,1,Italy,ITA,0,Italy,ITA,0,Italy,ITA,0,Italy,Italy,ITA,Italy,,Italy,I,Italian Republic,,Italy,,,Italy,,6,7,8,7,60297396.0,16,2019,2003576,2019,1. Developed region: G7,1. High income: OECD,IT,IT,IT,ITA,ITA,380,380,380,IT,ITA,23424853,23424853,Exact WOE match as country,ITA,,ITA,ITA,ITA,ITA,ITA,ITA,ITA,ITA,ITA,ITA,ITA,ITA,ITA,ITA,ITA,ITA,ITA,ITA,ITA,ITA,ITA,ITA,ITA,ITA,ITA,ITA,ITA,ITA,ITA,ITA,ITA,ITA,-99,-99,Europe,Europe,Southern Europe,Europe & Central Asia,5,5,5,-99,1,0.0,2.0,7.0,11.076907,44.732482,1159320919,Q38,إيطاليا,ইতালি,Italien,Italy,Italia,ایتالیا,Italie,Ιταλία,איטליה,इटली,Olaszország,Italia,Italia,イタリア,이탈리아,Italië,Włochy,Itália,Италия,Italien,İtalya,Італія,اطالیہ,Ý,意大利,義大利,Admin-0 country,,Admin-0 country,,,,,,,,,,,,,,,,,,,,,,,,,,,,,,,
University of Sussex,50.8674377,-0.0877259,POINT (-0.0877259 50.8674377),143,Admin-0 country,1,2,United Kingdom,GB1,1,2,Country,1,United Kingdom,GBR,0,United Kingdom,GBR,0,United Kingdom,GBR,0,United Kingdom,United Kingdom,GBR,United Kingdom,,U.K.,GB,United Kingdom of Great Britain and Northern Ireland,,United Kingdom,,,United Kingdom,,6,6,6,3,66834405.0,16,2019,2829108,2019,1. Developed region: G7,1. High income: OECD,UK,GB,GB,GBR,GBR,826,826,826,GB,GBR,-90,23424975,"Eh ID includes Channel Islands and Isle of Man. UK constituent countries of England (24554868), Wales (12578049), Scotland (12578048), and Northern Ireland (20070563).",GBR,,GBR,GBR,GBR,GBR,GBR,GBR,GBR,GBR,GBR,GBR,GBR,GBR,GBR,GBR,GBR,GBR,GBR,GBR,GBR,GBR,GBR,GBR,GBR,GBR,GBR,GBR,GBR,GBR,GBR,GBR,GBR,GBR,-99,-99,Europe,Europe,Northern Europe,Europe & Central Asia,14,14,4,-99,1,0.0,1.7,6.7,-2.116346,54.402739,1159320713,Q145,المملكة المتحدة,যুক্তরাজ্য,Vereinigtes Königreich,United Kingdom,Reino Unido,بریتانیا,Royaume-Uni,Ηνωμένο Βασίλειο,הממלכה המאוחדת,यूनाइटेड किंगडम,Egyesült Királyság,Britania Raya,Regno Unito,イギリス,영국,Verenigd Koninkrijk,Wielka Brytania,Reino Unido,Великобритания,Storbritannien,Birleşik Krallık,Велика Британія,مملکت متحدہ,Vương quốc Liên hiệp Anh và Bắc Ireland,英国,英國,Admin-0 country,,Admin-0 country,,,,,,,,,,,,,,,,,,,,,,,,,,,,,,,
Technical University of Denmark,55.7854145,12.5202151,POINT (12.5202151 55.7854145),142,Admin-0 country,1,4,Denmark,DN1,1,2,Country,1,Denmark,DNK,0,Denmark,DNK,0,Denmark,DNK,0,Denmark,Denmark,DNK,Denmark,,Den.,DK,Kingdom of Denmark,,Denmark,,,Denmark,,4,1,3,12,5818553.0,13,2019,350104,2019,2. Developed region: nonG7,1. High income: OECD,DA,DK,DK,DNK,DNK,208,208,208,DK,DNK,23424796,23424796,Exact WOE match as country,DNK,,DNK,DNK,DNK,DNK,DNK,DNK,DNK,DNK,DNK,DNK,DNK,DNK,DNK,DNK,DNK,DNK,DNK,DNK,DNK,DNK,DNK,DNK,DNK,DNK,DNK,DNK,DNK,DNK,DNK,DNK,DNK,DNK,-99,-99,Europe,Europe,Northern Europe,Europe & Central Asia,7,7,4,-99,1,0.0,3.0,8.0,9.018163,55.966965,1159320547,Q35,الدنمارك,ডেনমার্ক,Dänemark,Denmark,Dinamarca,دانمارک,Danemark,Δανία,דנמרק,डेनमार्क,Dánia,Denmark,Danimarca,デンマーク,덴마크,Denemarken,Dania,Dinamarca,Дания,Danmark,Danimarka,Данія,ڈنمارک,Đan Mạch,丹麦,丹麥,Admin-0 country,,Admin-0 country,,,,,,,,,,,,,,,,,,,,,,,,,,,,,,,
University of St Andrews,56.3398198,-2.8117937,POINT (-2.8117937 56.3398198),143,Admin-0 country,1,2,United Kingdom,GB1,1,2,Country,1,United Kingdom,GBR,0,United Kingdom,GBR,0,United Kingdom,GBR,0,United Kingdom,United Kingdom,GBR,United Kingdom,,U.K.,GB,United Kingdom of Great Britain and Northern Ireland,,United Kingdom,,,United Kingdom,,6,6,6,3,66834405.0,16,2019,2829108,2019,1. Developed region: G7,1. High income: OECD,UK,GB,GB,GBR,GBR,826,826,826,GB,GBR,-90,23424975,"Eh ID includes Channel Islands and Isle of Man. UK constituent countries of England (24554868), Wales (12578049), Scotland (12578048), and Northern Ireland (20070563).",GBR,,GBR,GBR,GBR,GBR,GBR,GBR,GBR,GBR,GBR,GBR,GBR,GBR,GBR,GBR,GBR,GBR,GBR,GBR,GBR,GBR,GBR,GBR,GBR,GBR,GBR,GBR,GBR,GBR,GBR,GBR,GBR,GBR,-99,-99,Europe,Europe,Northern Europe,Europe & Central Asia,14,14,4,-99,1,0.0,1.7,6.7,-2.116346,54.402739,1159320713,Q145,المملكة المتحدة,যুক্তরাজ্য,Vereinigtes Königreich,United Kingdom,Reino Unido,بریتانیا,Royaume-Uni,Ηνωμένο Βασίλειο,הממלכה המאוחדת,यूनाइटेड किंगडम,Egyesült Királyság,Britania Raya,Regno Unito,イギリス,영국,Verenigd Koninkrijk,Wielka Brytania,Reino Unido,Великобритания,Storbritannien,Birleşik Krallık,Велика Британія,مملکت متحدہ,Vương quốc Liên hiệp Anh và Bắc Ireland,英国,英國,Admin-0 country,,Admin-0 country,,,,,,,,,,,,,,,,,,,,,,,,,,,,,,,
Vrije Universiteit Amsterdam,52.3340539,4.8651882,POINT (4.8651882 52.3340539),130,Admin-0 country,1,5,Netherlands,NL1,1,2,Country,1,Netherlands,NLD,0,Netherlands,NLD,0,Netherlands,NLD,0,Netherlands,Netherlands,NLD,Netherlands,,Neth.,NL,Kingdom of the Netherlands,,Netherlands,,,Netherlands,,4,2,2,9,17332850.0,14,2019,907050,2019,2. Developed region: nonG7,1. High income: OECD,NL,NL,NL,NLD,NLD,528,528,528,NL,NLD,-90,23424909,"Doesn't include new former units of Netherlands Antilles (24549811, 24549808, and 24549809)",NLD,,NLD,NLD,NLD,NLD,NLD,NLD,NLD,NLD,NLD,NLD,NLD,NLD,NLD,NLD,NLD,NLD,NLD,NLD,NLD,NLD,NLD,NLD,NLD,NLD,NLD,NLD,NLD,NLD,NLD,NLD,NLD,NLD,-99,-99,Europe,Europe,Western Europe,Europe & Central Asia,11,11,5,-99,1,0.0,4.0,10.0,5.61144,52.422211,1159321101,Q55,هولندا,নেদারল্যান্ডস,Niederlande,Netherlands,Países Bajos,هلند,Pays-Bas,Ολλανδία,הולנד,नीदरलैण्ड,Hollandia,Belanda,Paesi Bassi,オランダ,네덜란드,Nederland,Holandia,Países Baixos,Нидерланды,Nederländerna,Hollanda,Нідерланди,نیدرلینڈز,Hà Lan,荷兰,荷蘭,Admin-0 country,,Admin-0 country,,,,,,,,,,,,,,,,,,,,,,,,,,,,,,,
Eindhoven University of Technology,51.4486602,5.4903996,POINT (5.4903996 51.4486602),130,Admin-0 country,1,5,Netherlands,NL1,1,2,Country,1,Netherlands,NLD,0,Netherlands,NLD,0,Netherlands,NLD,0,Netherlands,Netherlands,NLD,Netherlands,,Neth.,NL,Kingdom of the Netherlands,,Netherlands,,,Netherlands,,4,2,2,9,17332850.0,14,2019,907050,2019,2. Developed region: nonG7,1. High income: OECD,NL,NL,NL,NLD,NLD,528,528,528,NL,NLD,-90,23424909,"Doesn't include new former units of Netherlands Antilles (24549811, 24549808, and 24549809)",NLD,,NLD,NLD,NLD,NLD,NLD,NLD,NLD,NLD,NLD,NLD,NLD,NLD,NLD,NLD,NLD,NLD,NLD,NLD,NLD,NLD,NLD,NLD,NLD,NLD,NLD,NLD,NLD,NLD,NLD,NLD,NLD,NLD,-99,-99,Europe,Europe,Western Europe,Europe & Central Asia,11,11,5,-99,1,0.0,4.0,10.0,5.61144,52.422211,1159321101,Q55,هولندا,নেদারল্যান্ডস,Niederlande,Netherlands,Países Bajos,هلند,Pays-Bas,Ολλανδία,הולנד,नीदरलैण्ड,Hollandia,Belanda,Paesi Bassi,オランダ,네덜란드,Nederland,Holandia,Países Baixos,Нидерланды,Nederländerna,Hollanda,Нідерланди,نیدرلینڈز,Hà Lan,荷兰,荷蘭,Admin-0 country,,Admin-0 country,,,,,,,,,,,,,,,,,,,,,,,,,,,,,,,
University of Leicester,52.6087005,-1.114824,POINT (-1.114824 52.6087005),143,Admin-0 country,1,2,United Kingdom,GB1,1,2,Country,1,United Kingdom,GBR,0,United Kingdom,GBR,0,United Kingdom,GBR,0,United Kingdom,United Kingdom,GBR,United Kingdom,,U.K.,GB,United Kingdom of Great Britain and Northern Ireland,,United Kingdom,,,United Kingdom,,6,6,6,3,66834405.0,16,2019,2829108,2019,1. Developed region: G7,1. High income: OECD,UK,GB,GB,GBR,GBR,826,826,826,GB,GBR,-90,23424975,"Eh ID includes Channel Islands and Isle of Man. UK constituent countries of England (24554868), Wales (12578049), Scotland (12578048), and Northern Ireland (20070563).",GBR,,GBR,GBR,GBR,GBR,GBR,GBR,GBR,GBR,GBR,GBR,GBR,GBR,GBR,GBR,GBR,GBR,GBR,GBR,GBR,GBR,GBR,GBR,GBR,GBR,GBR,GBR,GBR,GBR,GBR,GBR,GBR,GBR,-99,-99,Europe,Europe,Northern Europe,Europe & Central Asia,14,14,4,-99,1,0.0,1.7,6.7,-2.116346,54.402739,1159320713,Q145,المملكة المتحدة,যুক্তরাজ্য,Vereinigtes Königreich,United Kingdom,Reino Unido,بریتانیا,Royaume-Uni,Ηνωμένο Βασίλειο,הממלכה המאוחדת,यूनाइटेड किंगडम,Egyesült Királyság,Britania Raya,Regno Unito,イギリス,영국,Verenigd Koninkrijk,Wielka Brytania,Reino Unido,Великобритания,Storbritannien,Birleşik Krallık,Велика Британія,مملکت متحدہ,Vương quốc Liên hiệp Anh và Bắc Ireland,英国,英國,Admin-0 country,,Admin-0 country,,,,,,,,,,,,,,,,,,,,,,,,,,,,,,,
Newcastle University,54.980175,-1.6146802,POINT (-1.6146802 54.980175),143,Admin-0 country,1,2,United Kingdom,GB1,1,2,Country,1,United Kingdom,GBR,0,United Kingdom,GBR,0,United Kingdom,GBR,0,United Kingdom,United Kingdom,GBR,United Kingdom,,U.K.,GB,United Kingdom of Great Britain and Northern Ireland,,United Kingdom,,,United Kingdom,,6,6,6,3,66834405.0,16,2019,2829108,2019,1. Developed region: G7,1. High income: OECD,UK,GB,GB,GBR,GBR,826,826,826,GB,GBR,-90,23424975,"Eh ID includes Channel Islands and Isle of Man. UK constituent countries of England (24554868), Wales (12578049), Scotland (12578048), and Northern Ireland (20070563).",GBR,,GBR,GBR,GBR,GBR,GBR,GBR,GBR,GBR,GBR,GBR,GBR,GBR,GBR,GBR,GBR,GBR,GBR,GBR,GBR,GBR,GBR,GBR,GBR,GBR,GBR,GBR,GBR,GBR,GBR,GBR,GBR,GBR,-99,-99,Europe,Europe,Northern Europe,Europe & Central Asia,14,14,4,-99,1,0.0,1.7,6.7,-2.116346,54.402739,1159320713,Q145,المملكة المتحدة,যুক্তরাজ্য,Vereinigtes Königreich,United Kingdom,Reino Unido,بریتانیا,Royaume-Uni,Ηνωμένο Βασίλειο,הממלכה המאוחדת,यूनाइटेड किंगडम,Egyesült Királyság,Britania Raya,Regno Unito,イギリス,영국,Verenigd Koninkrijk,Wielka Brytania,Reino Unido,Великобритания,Storbritannien,Birleşik Krallık,Велика Британія,مملکت متحدہ,Vương quốc Liên hiệp Anh và Bắc Ireland,英国,英國,Admin-0 country,,Admin-0 country,,,,,,,,,,,,,,,,,,,,,,,,,,,,,,,
University of Lausanne,46.5225695,6.5809499,POINT (6.5809499 46.5225695),127,Admin-0 country,1,4,Switzerland,CHE,0,2,Sovereign country,1,Switzerland,CHE,0,Switzerland,CHE,0,Switzerland,CHE,0,Switzerland,Switzerland,CHE,Switzerland,,Switz.,CH,Swiss Confederation,,Switzerland,,,Switzerland,,5,2,7,3,8574832.0,13,2019,703082,2019,2. Developed region: nonG7,1. High income: OECD,SZ,CH,CH,CHE,CHE,756,756,756,CH,CHE,23424957,23424957,Exact WOE match as country,CHE,,CHE,CHE,CHE,CHE,CHE,CHE,CHE,CHE,CHE,CHE,CHE,CHE,CHE,CHE,CHE,CHE,CHE,CHE,CHE,CHE,CHE,CHE,CHE,CHE,CHE,CHE,CHE,CHE,CHE,CHE,CHE,CHE,-99,-99,Europe,Europe,Western Europe,Europe & Central Asia,11,11,6,-99,1,0.0,4.0,9.0,7.463965,46.719114,1159320491,Q39,سويسرا,সুইজারল্যান্ড,Schweiz,Switzerland,Suiza,سوئیس,Suisse,Ελβετία,שווייץ,स्विट्ज़रलैण्ड,Svájc,Swiss,Svizzera,スイス,스위스,Zwitserland,Szwajcaria,Suíça,Швейцария,Schweiz,İsviçre,Швейцарія,سویٹزرلینڈ,Thụy Sĩ,瑞士,瑞士,Admin-0 country,,Admin-0 country,,,,,,,,,,,,,,,,,,,,,,,,,,,,,,,
University of Bologna,44.4982886,11.354457,POINT (11.354457 44.4982886),141,Admin-0 country,1,2,Italy,ITA,0,2,Sovereign country,1,Italy,ITA,0,Italy,ITA,0,Italy,ITA,0,Italy,Italy,ITA,Italy,,Italy,I,Italian Republic,,Italy,,,Italy,,6,7,8,7,60297396.0,16,2019,2003576,2019,1. Developed region: G7,1. High income: OECD,IT,IT,IT,ITA,ITA,380,380,380,IT,ITA,23424853,23424853,Exact WOE match as country,ITA,,ITA,ITA,ITA,ITA,ITA,ITA,ITA,ITA,ITA,ITA,ITA,ITA,ITA,ITA,ITA,ITA,ITA,ITA,ITA,ITA,ITA,ITA,ITA,ITA,ITA,ITA,ITA,ITA,ITA,ITA,ITA,ITA,-99,-99,Europe,Europe,Southern Europe,Europe & Central Asia,5,5,5,-99,1,0.0,2.0,7.0,11.076907,44.732482,1159320919,Q38,إيطاليا,ইতালি,Italien,Italy,Italia,ایتالیا,Italie,Ιταλία,איטליה,इटली,Olaszország,Italia,Italia,イタリア,이탈리아,Italië,Włochy,Itália,Италия,Italien,İtalya,Італія,اطالیہ,Ý,意大利,義大利,Admin-0 country,,Admin-0 country,,,,,,,,,,,,,,,,,,,,,,,,,,,,,,,
Aalto University,60.1844626,24.8235709,POINT (24.8235709 60.1844626),151,Admin-0 country,1,3,Finland,FI1,1,2,Country,1,Finland,FIN,0,Finland,FIN,0,Finland,FIN,0,Finland,Finland,FIN,Finland,,Fin.,FIN,Republic of Finland,,Finland,,,Finland,,4,1,4,6,5520314.0,13,2019,269296,2019,2. Developed region: nonG7,1. High income: OECD,FI,FI,FI,FIN,FIN,246,246,246,FI,FIN,23424812,23424812,Exact WOE match as country,FIN,,FIN,FIN,FIN,FIN,FIN,FIN,FIN,FIN,FIN,FIN,FIN,FIN,FIN,FIN,FIN,FIN,FIN,FIN,FIN,FIN,FIN,FIN,FIN,FIN,FIN,FIN,FIN,FIN,FIN,FIN,FIN,FIN,-99,-99,Europe,Europe,Northern Europe,Europe & Central Asia,7,7,4,-99,1,0.0,3.0,8.0,27.276449,63.252361,1159320623,Q33,فنلندا,ফিনল্যান্ড,Finnland,Finland,Finlandia,فنلاند,Finlande,Φινλανδία,פינלנד,फ़िनलैण्ड,Finnország,Finlandia,Finlandia,フィンランド,핀란드,Finland,Finlandia,Finlândia,Финляндия,Finland,Finlandiya,Фінляндія,فن لینڈ,Phần Lan,芬兰,芬蘭,Admin-0 country,,Admin-0 country,,,,,,,,,,,,,,,,,,,,,,,,,,,,,,,
University of Liverpool,53.4072429,-2.9658337,POINT (-2.9658337 53.4072429),143,Admin-0 country,1,2,United Kingdom,GB1,1,2,Country,1,United Kingdom,GBR,0,United Kingdom,GBR,0,United Kingdom,GBR,0,United Kingdom,United Kingdom,GBR,United Kingdom,,U.K.,GB,United Kingdom of Great Britain and Northern Ireland,,United Kingdom,,,United Kingdom,,6,6,6,3,66834405.0,16,2019,2829108,2019,1. Developed region: G7,1. High income: OECD,UK,GB,GB,GBR,GBR,826,826,826,GB,GBR,-90,23424975,"Eh ID includes Channel Islands and Isle of Man. UK constituent countries of England (24554868), Wales (12578049), Scotland (12578048), and Northern Ireland (20070563).",GBR,,GBR,GBR,GBR,GBR,GBR,GBR,GBR,GBR,GBR,GBR,GBR,GBR,GBR,GBR,GBR,GBR,GBR,GBR,GBR,GBR,GBR,GBR,GBR,GBR,GBR,GBR,GBR,GBR,GBR,GBR,GBR,GBR,-99,-99,Europe,Europe,Northern Europe,Europe & Central Asia,14,14,4,-99,1,0.0,1.7,6.7,-2.116346,54.402739,1159320713,Q145,المملكة المتحدة,যুক্তরাজ্য,Vereinigtes Königreich,United Kingdom,Reino Unido,بریتانیا,Royaume-Uni,Ηνωμένο Βασίλειο,הממלכה המאוחדת,यूनाइटेड किंगडम,Egyesült Királyság,Britania Raya,Regno Unito,イギリス,영국,Verenigd Koninkrijk,Wielka Brytania,Reino Unido,Великобритания,Storbritannien,Birleşik Krallık,Велика Британія,مملکت متحدہ,Vương quốc Liên hiệp Anh và Bắc Ireland,英国,英國,Admin-0 country,,Admin-0 country,,,,,,,,,,,,,,,,,,,,,,,,,,,,,,,
University of Twente,52.2520475,6.8512843,POINT (6.8512843 52.2520475),121,Admin-0 country,1,2,Germany,DEU,0,2,Sovereign country,1,Germany,DEU,0,Germany,DEU,0,Germany,DEU,0,Germany,Germany,DEU,Germany,,Ger.,D,Federal Republic of Germany,,Germany,,,Germany,,2,5,5,1,83132799.0,16,2019,3861123,2019,1. Developed region: G7,1. High income: OECD,GM,DE,DE,DEU,DEU,276,276,276,DE,DEU,23424829,23424829,Exact WOE match as country,DEU,,DEU,DEU,DEU,DEU,DEU,DEU,DEU,DEU,DEU,DEU,DEU,DEU,DEU,DEU,DEU,DEU,DEU,DEU,DEU,DEU,DEU,DEU,DEU,DEU,DEU,DEU,DEU,DEU,DEU,DEU,DEU,DEU,-99,-99,Europe,Europe,Western Europe,Europe & Central Asia,7,7,4,-99,1,0.0,1.7,6.7,9.678348,50.961733,1159320539,Q183,ألمانيا,জার্মানি,Deutschland,Germany,Alemania,آلمان,Allemagne,Γερμανία,גרמניה,जर्मनी,Németország,Jerman,Germania,ドイツ,독일,Duitsland,Niemcy,Alemanha,Германия,Tyskland,Almanya,Німеччина,جرمنی,Đức,德国,德國,Admin-0 country,,Admin-0 country,,,,,,,,,,,,,,,,,,,,,,,,,,,,,,,
Cardiff University,51.4887426,-3.1795999,POINT (-3.1795999 51.4887426),143,Admin-0 country,1,2,United Kingdom,GB1,1,2,Country,1,United Kingdom,GBR,0,United Kingdom,GBR,0,United Kingdom,GBR,0,United Kingdom,United Kingdom,GBR,United Kingdom,,U.K.,GB,United Kingdom of Great Britain and Northern Ireland,,United Kingdom,,,United Kingdom,,6,6,6,3,66834405.0,16,2019,2829108,2019,1. Developed region: G7,1. High income: OECD,UK,GB,GB,GBR,GBR,826,826,826,GB,GBR,-90,23424975,"Eh ID includes Channel Islands and Isle of Man. UK constituent countries of England (24554868), Wales (12578049), Scotland (12578048), and Northern Ireland (20070563).",GBR,,GBR,GBR,GBR,GBR,GBR,GBR,GBR,GBR,GBR,GBR,GBR,GBR,GBR,GBR,GBR,GBR,GBR,GBR,GBR,GBR,GBR,GBR,GBR,GBR,GBR,GBR,GBR,GBR,GBR,GBR,GBR,GBR,-99,-99,Europe,Europe,Northern Europe,Europe & Central Asia,14,14,4,-99,1,0.0,1.7,6.7,-2.116346,54.402739,1159320713,Q145,المملكة المتحدة,যুক্তরাজ্য,Vereinigtes Königreich,United Kingdom,Reino Unido,بریتانیا,Royaume-Uni,Ηνωμένο Βασίλειο,הממלכה המאוחדת,यूनाइटेड किंगडम,Egyesült Királyság,Britania Raya,Regno Unito,イギリス,영국,Verenigd Koninkrijk,Wielka Brytania,Reino Unido,Великобритания,Storbritannien,Birleşik Krallık,Велика Британія,مملکت متحدہ,Vương quốc Liên hiệp Anh và Bắc Ireland,英国,英國,Admin-0 country,,Admin-0 country,,,,,,,,,,,,,,,,,,,,,,,,,,,,,,,
KTH Royal Institute of Technology,59.2016758,17.6203201,POINT (17.6203201 59.2016758),110,Admin-0 country,1,3,Sweden,SWE,0,2,Sovereign country,1,Sweden,SWE,0,Sweden,SWE,0,Sweden,SWE,0,Sweden,Sweden,SWE,Sweden,,Swe.,S,Kingdom of Sweden,,Sweden,,,Sweden,,1,4,2,4,10285453.0,14,2019,530883,2019,2. Developed region: nonG7,1. High income: OECD,SW,SE,SE,SWE,SWE,752,752,752,SE,SWE,23424954,23424954,Exact WOE match as country,SWE,,SWE,SWE,SWE,SWE,SWE,SWE,SWE,SWE,SWE,SWE,SWE,SWE,SWE,SWE,SWE,SWE,SWE,SWE,SWE,SWE,SWE,SWE,SWE,SWE,SWE,SWE,SWE,SWE,SWE,SWE,SWE,SWE,-99,-99,Europe,Europe,Northern Europe,Europe & Central Asia,6,6,4,-99,1,0.0,2.0,7.0,19.01705,65.85918,1159321287,Q34,السويد,সুইডেন,Schweden,Sweden,Suecia,سوئد,Suède,Σουηδία,שוודיה,स्वीडन,Svédország,Swedia,Svezia,スウェーデン,스웨덴,Zweden,Szwecja,Suécia,Швеция,Sverige,İsveç,Швеція,سویڈن,Thụy Điển,瑞典,瑞典,Admin-0 country,,Admin-0 country,,,,,,,,,,,,,,,,,,,,,,,,,,,,,,,
University of Konstanz,47.6899569,9.1882624,POINT (9.1882624 47.6899569),121,Admin-0 country,1,2,Germany,DEU,0,2,Sovereign country,1,Germany,DEU,0,Germany,DEU,0,Germany,DEU,0,Germany,Germany,DEU,Germany,,Ger.,D,Federal Republic of Germany,,Germany,,,Germany,,2,5,5,1,83132799.0,16,2019,3861123,2019,1. Developed region: G7,1. High income: OECD,GM,DE,DE,DEU,DEU,276,276,276,DE,DEU,23424829,23424829,Exact WOE match as country,DEU,,DEU,DEU,DEU,DEU,DEU,DEU,DEU,DEU,DEU,DEU,DEU,DEU,DEU,DEU,DEU,DEU,DEU,DEU,DEU,DEU,DEU,DEU,DEU,DEU,DEU,DEU,DEU,DEU,DEU,DEU,DEU,DEU,-99,-99,Europe,Europe,Western Europe,Europe & Central Asia,7,7,4,-99,1,0.0,1.7,6.7,9.678348,50.961733,1159320539,Q183,ألمانيا,জার্মানি,Deutschland,Germany,Alemania,آلمان,Allemagne,Γερμανία,גרמניה,जर्मनी,Németország,Jerman,Germania,ドイツ,독일,Duitsland,Niemcy,Alemanha,Германия,Tyskland,Almanya,Німеччина,جرمنی,Đức,德国,德國,Admin-0 country,,Admin-0 country,,,,,,,,,,,,,,,,,,,,,,,,,,,,,,,
University of Duisburg-Essen,51.4290899,6.800858,POINT (6.800858 51.4290899),121,Admin-0 country,1,2,Germany,DEU,0,2,Sovereign country,1,Germany,DEU,0,Germany,DEU,0,Germany,DEU,0,Germany,Germany,DEU,Germany,,Ger.,D,Federal Republic of Germany,,Germany,,,Germany,,2,5,5,1,83132799.0,16,2019,3861123,2019,1. Developed region: G7,1. High income: OECD,GM,DE,DE,DEU,DEU,276,276,276,DE,DEU,23424829,23424829,Exact WOE match as country,DEU,,DEU,DEU,DEU,DEU,DEU,DEU,DEU,DEU,DEU,DEU,DEU,DEU,DEU,DEU,DEU,DEU,DEU,DEU,DEU,DEU,DEU,DEU,DEU,DEU,DEU,DEU,DEU,DEU,DEU,DEU,DEU,DEU,-99,-99,Europe,Europe,Western Europe,Europe & Central Asia,7,7,4,-99,1,0.0,1.7,6.7,9.678348,50.961733,1159320539,Q183,ألمانيا,জার্মানি,Deutschland,Germany,Alemania,آلمان,Allemagne,Γερμανία,גרמניה,जर्मनी,Németország,Jerman,Germania,ドイツ,독일,Duitsland,Niemcy,Alemanha,Германия,Tyskland,Almanya,Німеччина,جرمنی,Đức,德国,德國,Admin-0 country,,Admin-0 country,,,,,,,,,,,,,,,,,,,,,,,,,,,,,,,
University of East Anglia,52.6210623,1.2356187,POINT (1.2356187 52.6210623),143,Admin-0 country,1,2,United Kingdom,GB1,1,2,Country,1,United Kingdom,GBR,0,United Kingdom,GBR,0,United Kingdom,GBR,0,United Kingdom,United Kingdom,GBR,United Kingdom,,U.K.,GB,United Kingdom of Great Britain and Northern Ireland,,United Kingdom,,,United Kingdom,,6,6,6,3,66834405.0,16,2019,2829108,2019,1. Developed region: G7,1. High income: OECD,UK,GB,GB,GBR,GBR,826,826,826,GB,GBR,-90,23424975,"Eh ID includes Channel Islands and Isle of Man. UK constituent countries of England (24554868), Wales (12578049), Scotland (12578048), and Northern Ireland (20070563).",GBR,,GBR,GBR,GBR,GBR,GBR,GBR,GBR,GBR,GBR,GBR,GBR,GBR,GBR,GBR,GBR,GBR,GBR,GBR,GBR,GBR,GBR,GBR,GBR,GBR,GBR,GBR,GBR,GBR,GBR,GBR,GBR,GBR,-99,-99,Europe,Europe,Northern Europe,Europe & Central Asia,14,14,4,-99,1,0.0,1.7,6.7,-2.116346,54.402739,1159320713,Q145,المملكة المتحدة,যুক্তরাজ্য,Vereinigtes Königreich,United Kingdom,Reino Unido,بریتانیا,Royaume-Uni,Ηνωμένο Βασίλειο,הממלכה המאוחדת,यूनाइटेड किंगडम,Egyesült Királyság,Britania Raya,Regno Unito,イギリス,영국,Verenigd Koninkrijk,Wielka Brytania,Reino Unido,Великобритания,Storbritannien,Birleşik Krallık,Велика Британія,مملکت متحدہ,Vương quốc Liên hiệp Anh và Bắc Ireland,英国,英國,Admin-0 country,,Admin-0 country,,,,,,,,,,,,,,,,,,,,,,,,,,,,,,,
Aalborg University,57.015907,9.9753082,POINT (9.9753082 57.015907),142,Admin-0 country,1,4,Denmark,DN1,1,2,Country,1,Denmark,DNK,0,Denmark,DNK,0,Denmark,DNK,0,Denmark,Denmark,DNK,Denmark,,Den.,DK,Kingdom of Denmark,,Denmark,,,Denmark,,4,1,3,12,5818553.0,13,2019,350104,2019,2. Developed region: nonG7,1. High income: OECD,DA,DK,DK,DNK,DNK,208,208,208,DK,DNK,23424796,23424796,Exact WOE match as country,DNK,,DNK,DNK,DNK,DNK,DNK,DNK,DNK,DNK,DNK,DNK,DNK,DNK,DNK,DNK,DNK,DNK,DNK,DNK,DNK,DNK,DNK,DNK,DNK,DNK,DNK,DNK,DNK,DNK,DNK,DNK,DNK,DNK,-99,-99,Europe,Europe,Northern Europe,Europe & Central Asia,7,7,4,-99,1,0.0,3.0,8.0,9.018163,55.966965,1159320547,Q35,الدنمارك,ডেনমার্ক,Dänemark,Denmark,Dinamarca,دانمارک,Danemark,Δανία,דנמרק,डेनमार्क,Dánia,Denmark,Danimarca,デンマーク,덴마크,Denemarken,Dania,Dinamarca,Дания,Danmark,Danimarka,Данія,ڈنمارک,Đan Mạch,丹麦,丹麥,Admin-0 country,,Admin-0 country,,,,,,,,,,,,,,,,,,,,,,,,,,,,,,,
University of Bergen,60.3809342,5.3313021,POINT (5.3313021 60.3809342),21,Admin-0 country,1,3,Norway,NOR,0,2,Sovereign country,,Norway,NOR,0,Norway,NOR,0,Norway,NOR,0,Norway,Norway,NOR,Norway,,Nor.,N,Kingdom of Norway,,Norway,,,Norway,,5,3,8,12,5347896.0,13,2019,403336,2019,2. Developed region: nonG7,1. High income: OECD,-99,-99,NO,-99,NOR,-99,578,-99,-99,-99,-90,23424910,"Does not include Svalbard, Jan Mayen, or Bouvet Islands (28289410).",NOR,,NOR,NOR,NOR,NOR,NOR,NOR,NOR,NOR,NOR,NOR,NOR,NOR,NOR,NOR,NOR,NOR,NOR,NOR,NOR,NOR,NOR,NOR,NOR,NOR,NOR,NOR,NOR,NOR,NOR,NOR,NOR,NOR,-99,-99,Europe,Europe,Northern Europe,Europe & Central Asia,6,6,4,-99,1,0.0,3.0,7.0,9.679975,61.357092,1159321109,Q20,النرويج,নরওয়ে,Norwegen,Norway,Noruega,نروژ,Norvège,Νορβηγία,נורווגיה,नॉर्वे,Norvégia,Norwegia,Norvegia,ノルウェー,노르웨이,Noorwegen,Norwegia,Noruega,Норвегия,Norge,Norveç,Норвегія,ناروے,Na Uy,挪威,挪威,Unrecognized,,Unrecognized,,,,,,,,,,,,,,,,,,,,,,,,,,,,,,,
Lomonosov Moscow State University,55.7055406,37.5360595,POINT (37.5360595 55.7055406),18,Admin-0 country,1,2,Russia,RUS,0,2,Sovereign country,1,Russia,RUS,0,Russia,RUS,0,Russia,RUS,0,Russia,Russian Federation,RUS,Russia,,Rus.,RUS,Russian Federation,,Russia,,,Russian Federation,,2,5,7,7,144373535.0,17,2019,1699876,2019,3. Emerging region: BRIC,3. Upper middle income,RS,RU,RU,RUS,RUS,643,643,643,RU,RUS,23424936,23424936,Exact WOE match as country,RUS,,RUS,RUS,RUS,RUS,RUS,RUS,RUS,RUS,RUS,RUS,RUS,RUS,RUS,RUS,RUS,RUS,RUS,RUS,RUS,RUS,RUS,RUS,RUS,RUS,RUS,RUS,RUS,RUS,RUS,RUS,RUS,RUS,-99,-99,Europe,Europe,Eastern Europe,Europe & Central Asia,6,18,4,-99,1,0.0,1.7,5.2,44.686469,58.249357,1159321201,Q159,روسيا,রাশিয়া,Russland,Russia,Rusia,روسیه,Russie,Ρωσία,רוסיה,रूस,Oroszország,Rusia,Russia,ロシア,러시아,Rusland,Rosja,Rússia,Россия,Ryssland,Rusya,Росія,روس,Nga,俄罗斯,俄羅斯,Admin-0 country,,Admin-0 country,,,,,,,,,,,,,,,,,,,,,,,,,,,,,,,
University of Antwerp,51.1843856,4.4199387,POINT (4.4199387 51.1843856),129,Admin-0 country,1,2,Belgium,BEL,0,2,Sovereign country,1,Belgium,BEL,0,Belgium,BEL,0,Belgium,BEL,0,Belgium,Belgium,BEL,Belgium,,Belg.,B,Kingdom of Belgium,,Belgium,,,Belgium,,3,2,1,8,11484055.0,14,2019,533097,2019,2. Developed region: nonG7,1. High income: OECD,BE,BE,BE,BEL,BEL,056,056,056,BE,BEL,23424757,23424757,Exact WOE match as country,BEL,,BEL,BEL,BEL,BEL,BEL,BEL,BEL,BEL,BEL,BEL,BEL,BEL,BEL,BEL,BEL,BEL,BEL,BEL,BEL,BEL,BEL,BEL,BEL,BEL,BEL,BEL,BEL,BEL,BEL,BEL,BEL,BEL,-99,-99,Europe,Europe,Western Europe,Europe & Central Asia,7,7,5,-99,1,0.0,4.0,9.0,4.800448,50.785392,1159320389,Q31,بلجيكا,বেলজিয়াম,Belgien,Belgium,Bélgica,بلژیک,Belgique,Βέλγιο,בלגיה,बेल्जियम,Belgium,Belgia,Belgio,ベルギー,벨기에,België,Belgia,Bélgica,Бельгия,Belgien,Belçika,Бельгія,بلجئیم,Bỉ,比利时,比利時,Admin-0 country,,Admin-0 country,,,,,,,,,,,,,,,,,,,,,,,,,,,,,,,
